0,4
1.0515e+06,5
1.1135e+06,6
1.2635e+06,7
1.4135e+06,8
2.1725e+06,7
2.3235e+06,6
2.4735e+06,5
2.5345e+06,4
2.6235e+06,3
2.6855e+06,2
2.7735e+06,1
2.8355e+06,0
2.9235e+06,-1
2.9855e+06,-2
3.0735e+06,-3
3.1355e+06,-4
3.2235e+06,-5
3.2855e+06,-6
3.4355e+06,-7
3.5855e+06,-8
4.3445e+06,-7
4.4955e+06,-6
4.6455e+06,-5
4.7065e+06,-4
4.7955e+06,-3
4.8575e+06,-2
4.9455e+06,-1
5.0075e+06,0
5.0955e+06,1
5.1575e+06,2
5.2455e+06,3
5.3075e+06,4
5.3955e+06,5
5.4575e+06,6
5.6075e+06,7
5.7575e+06,8
6.5165e+06,7
6.6675e+06,6
6.8175e+06,5
6.8785e+06,4
6.9675e+06,3
7.0295e+06,2
7.1175e+06,1
7.1795e+06,0
7.2675e+06,-1
7.3295e+06,-2
7.4175e+06,-3
7.4795e+06,-4
7.5675e+06,-5
7.6295e+06,-6
7.7795e+06,-7
7.9295e+06,-8
8.6885e+06,-7
8.8395e+06,-6
8.9895e+06,-5
9.0505e+06,-4
9.1395e+06,-3
9.2015e+06,-2
9.2895e+06,-1
9.3515e+06,0
9.4395e+06,1
9.5015e+06,2
9.5895e+06,3
9.6515e+06,4
9.7395e+06,5
9.8015e+06,6
9.9515e+06,7
1.0102e+07,8
1.0861e+07,7
1.1012e+07,6
1.1162e+07,5
1.1223e+07,4
1.1312e+07,3
1.1374e+07,2
1.1462e+07,1
1.1524e+07,0
1.1612e+07,-1
1.1674e+07,-2
1.1762e+07,-3
1.1824e+07,-4
1.1912e+07,-5
1.1974e+07,-6
1.2124e+07,-7
1.2274e+07,-8
1.3033e+07,-7
1.3184e+07,-6
1.3334e+07,-5
1.3395e+07,-4
1.3484e+07,-3
1.3546e+07,-2
1.3634e+07,-1
1.3696e+07,0
1.3784e+07,1
1.3846e+07,2
1.3934e+07,3
1.3996e+07,4
1.4084e+07,5
1.4146e+07,6
1.4296e+07,7
1.4446e+07,8
1.5205e+07,7
1.5356e+07,6
1.5506e+07,5
1.5567e+07,4
1.5656e+07,3
1.5718e+07,2
1.5806e+07,1
1.5868e+07,0
1.5956e+07,-1
1.6018e+07,-2
1.6106e+07,-3
1.6168e+07,-4
1.6256e+07,-5
1.6318e+07,-6
1.6468e+07,-7
1.6618e+07,-8
1.7377e+07,-7
1.7528e+07,-6
1.7678e+07,-5
1.7739e+07,-4
1.7828e+07,-3
1.789e+07,-2
1.7978e+07,-1
1.804e+07,0
1.8128e+07,1
1.819e+07,2
1.8278e+07,3
1.834e+07,4
1.8428e+07,5
1.849e+07,6
1.864e+07,7
1.879e+07,8
1.9549e+07,7
1.97e+07,6
1.985e+07,5
1.9911e+07,4
2e+07,3
2.0062e+07,2
2.015e+07,1
2.0212e+07,0
2.03e+07,-1
2.0362e+07,-2
2.045e+07,-3
2.0512e+07,-4
2.06e+07,-5
2.0662e+07,-6
2.0812e+07,-7
2.0962e+07,-8
2.1721e+07,-7
2.1872e+07,-6
2.2022e+07,-5
2.2083e+07,-4
2.2172e+07,-3
2.2234e+07,-2
2.2322e+07,-1
2.2384e+07,0
2.2472e+07,1
2.2534e+07,2
2.2622e+07,3
2.2684e+07,4
2.2772e+07,5
2.2834e+07,6
2.2984e+07,7
2.3134e+07,8
2.3893e+07,7
2.4044e+07,6
2.4194e+07,5
2.4255e+07,4
2.4344e+07,3
2.4406e+07,2
2.4494e+07,1
2.4556e+07,0
2.4644e+07,-1
2.4706e+07,-2
2.4794e+07,-3
2.4856e+07,-4
2.4944e+07,-5
2.5006e+07,-6
2.5156e+07,-7
2.5306e+07,-8
2.6065e+07,-7
2.6216e+07,-6
2.6366e+07,-5
2.6427e+07,-4
2.6516e+07,-3
2.6578e+07,-2
2.6666e+07,-1
2.6728e+07,0
2.6816e+07,1
2.6878e+07,2
2.6966e+07,3
2.7028e+07,4
2.7116e+07,5
2.7178e+07,6
2.7328e+07,7
2.7478e+07,8
2.8237e+07,7
2.8388e+07,6
2.8538e+07,5
2.8599e+07,4
2.8688e+07,3
2.875e+07,2
2.8838e+07,1
2.89e+07,0
2.8988e+07,-1
2.905e+07,-2
2.9138e+07,-3
2.92e+07,-4
2.9288e+07,-5
2.935e+07,-6
2.95e+07,-7
2.965e+07,-8
3.0409e+07,-7
3.056e+07,-6
3.071e+07,-5
3.0771e+07,-4
3.086e+07,-3
3.0922e+07,-2
3.101e+07,-1
3.1072e+07,0
3.116e+07,1
3.1222e+07,2
3.131e+07,3
3.1372e+07,4
3.146e+07,5
3.1522e+07,6
3.1672e+07,7
3.1822e+07,8
3.2581e+07,7
3.2732e+07,6
3.2882e+07,5
3.2943e+07,4
3.3032e+07,3
3.3094e+07,2
3.3182e+07,1
3.3244e+07,0
3.3332e+07,-1
3.3394e+07,-2
3.3482e+07,-3
3.3544e+07,-4
3.3632e+07,-5
3.3694e+07,-6
3.3844e+07,-7
3.3994e+07,-8
3.4753e+07,-7
3.4904e+07,-6
3.5054e+07,-5
3.5115e+07,-4
3.5204e+07,-3
3.5266e+07,-2
3.5354e+07,-1
3.5416e+07,0
3.5504e+07,1
3.5566e+07,2
3.5654e+07,3
3.5716e+07,4
3.5804e+07,5
3.5866e+07,6
3.6016e+07,7
3.6166e+07,8
3.6925e+07,7
3.7076e+07,6
3.7226e+07,5
3.7287e+07,4
3.7376e+07,3
3.7438e+07,2
3.7526e+07,1
3.7588e+07,0
3.7676e+07,-1
3.7738e+07,-2
3.7826e+07,-3
3.7888e+07,-4
3.7976e+07,-5
3.8038e+07,-6
3.8188e+07,-7
3.8338e+07,-8
3.9097e+07,-7
3.9248e+07,-6
3.9398e+07,-5
3.9459e+07,-4
3.9548e+07,-3
3.961e+07,-2
3.9698e+07,-1
3.976e+07,0
3.9848e+07,1
3.991e+07,2
3.9998e+07,3
4.006e+07,4
4.0148e+07,5
4.021e+07,6
4.036e+07,7
4.051e+07,8
4.1269e+07,7
4.142e+07,6
4.157e+07,5
4.1631e+07,4
4.172e+07,3
4.1782e+07,2
4.187e+07,1
4.1932e+07,0
4.202e+07,-1
4.2082e+07,-2
4.217e+07,-3
4.2232e+07,-4
4.232e+07,-5
4.2382e+07,-6
4.2532e+07,-7
4.2682e+07,-8
4.3441e+07,-7
4.3592e+07,-6
4.3742e+07,-5
4.3803e+07,-4
4.3892e+07,-3
4.3954e+07,-2
4.4042e+07,-1
4.4104e+07,0
4.4192e+07,1
4.4254e+07,2
4.4342e+07,3
4.4404e+07,4
4.4492e+07,5
4.4554e+07,6
4.4704e+07,7
4.4854e+07,8
4.5613e+07,7
4.5764e+07,6
4.5914e+07,5
4.5975e+07,4
4.6064e+07,3
4.6126e+07,2
4.6214e+07,1
4.6276e+07,0
4.6364e+07,-1
4.6426e+07,-2
4.6514e+07,-3
4.6576e+07,-4
4.6664e+07,-5
4.6726e+07,-6
4.6876e+07,-7
4.7026e+07,-8
4.7785e+07,-7
4.7936e+07,-6
4.8086e+07,-5
4.8147e+07,-4
4.8236e+07,-3
4.8298e+07,-2
4.8386e+07,-1
4.8448e+07,0
4.8536e+07,1
4.8598e+07,2
4.8686e+07,3
4.8748e+07,4
4.8836e+07,5
4.8898e+07,6
4.9048e+07,7
4.9198e+07,8
4.9957e+07,7
5.0108e+07,6
5.0258e+07,5
5.0319e+07,4
5.0408e+07,3
5.047e+07,2
5.0558e+07,1
5.062e+07,0
5.0708e+07,-1
5.077e+07,-2
5.0858e+07,-3
5.092e+07,-4
5.1008e+07,-5
5.107e+07,-6
5.122e+07,-7
5.137e+07,-8
5.2129e+07,-7
5.228e+07,-6
5.243e+07,-5
5.2491e+07,-4
5.258e+07,-3
5.2642e+07,-2
5.273e+07,-1
5.2792e+07,0
5.288e+07,1
5.2942e+07,2
5.303e+07,3
5.3092e+07,4
5.318e+07,5
5.3242e+07,6
5.3392e+07,7
5.3542e+07,8
5.4301e+07,7
5.4452e+07,6
5.4602e+07,5
5.4663e+07,4
5.4752e+07,3
5.4814e+07,2
5.4902e+07,1
5.4964e+07,0
5.5052e+07,-1
5.5114e+07,-2
5.5202e+07,-3
5.5264e+07,-4
5.5352e+07,-5
5.5414e+07,-6
5.5564e+07,-7
5.5714e+07,-8
5.6473e+07,-7
5.6624e+07,-6
5.6774e+07,-5
5.6835e+07,-4
5.6924e+07,-3
5.6986e+07,-2
5.7074e+07,-1
5.7136e+07,0
5.7224e+07,1
5.7286e+07,2
5.7374e+07,3
5.7436e+07,4
5.7524e+07,5
5.7586e+07,6
5.7736e+07,7
5.7886e+07,8
5.8645e+07,7
5.8796e+07,6
5.8946e+07,5
5.9007e+07,4
5.9096e+07,3
5.9158e+07,2
5.9246e+07,1
5.9308e+07,0
5.9396e+07,-1
5.9458e+07,-2
5.9546e+07,-3
5.9608e+07,-4
5.9696e+07,-5
5.9758e+07,-6
5.9908e+07,-7
6.0058e+07,-8
6.0817e+07,-7
6.0968e+07,-6
6.1118e+07,-5
6.1179e+07,-4
6.1268e+07,-3
6.133e+07,-2
6.1418e+07,-1
6.148e+07,0
6.1568e+07,1
6.163e+07,2
6.1718e+07,3
6.178e+07,4
6.1868e+07,5
6.193e+07,6
6.208e+07,7
6.223e+07,8
6.2989e+07,7
6.314e+07,6
6.329e+07,5
6.3351e+07,4
6.344e+07,3
6.3502e+07,2
6.359e+07,1
6.3652e+07,0
6.374e+07,-1
6.3802e+07,-2
6.389e+07,-3
6.3952e+07,-4
6.404e+07,-5
6.4102e+07,-6
6.4252e+07,-7
6.4402e+07,-8
6.5161e+07,-7
6.5312e+07,-6
6.5462e+07,-5
6.5523e+07,-4
6.5612e+07,-3
6.5674e+07,-2
6.5762e+07,-1
6.5824e+07,0
6.5912e+07,1
6.5974e+07,2
6.6062e+07,3
6.6124e+07,4
6.6212e+07,5
6.6274e+07,6
6.6424e+07,7
6.6574e+07,8
6.7333e+07,7
6.7484e+07,6
6.7634e+07,5
6.7695e+07,4
6.7784e+07,3
6.7846e+07,2
6.7934e+07,1
6.7996e+07,0
6.8084e+07,-1
6.8146e+07,-2
6.8234e+07,-3
6.8296e+07,-4
6.8384e+07,-5
6.8446e+07,-6
6.8596e+07,-7
6.8746e+07,-8
6.9505e+07,-7
6.9656e+07,-6
6.9806e+07,-5
6.9867e+07,-4
6.9956e+07,-3
7.0018e+07,-2
7.0106e+07,-1
7.0168e+07,0
7.0256e+07,1
7.0318e+07,2
7.0406e+07,3
7.0468e+07,4
7.0556e+07,5
7.0618e+07,6
7.0768e+07,7
7.0918e+07,8
7.1677e+07,7
7.1828e+07,6
7.1978e+07,5
7.2039e+07,4
7.2128e+07,3
7.219e+07,2
7.2278e+07,1
7.234e+07,0
7.2428e+07,-1
7.249e+07,-2
7.2578e+07,-3
7.264e+07,-4
7.2728e+07,-5
7.279e+07,-6
7.294e+07,-7
7.309e+07,-8
7.3849e+07,-7
7.4e+07,-6
7.415e+07,-5
7.4211e+07,-4
7.43e+07,-3
7.4362e+07,-2
7.445e+07,-1
7.4512e+07,0
7.46e+07,1
7.4662e+07,2
7.475e+07,3
7.4812e+07,4
7.49e+07,5
7.4962e+07,6
7.5112e+07,7
7.5262e+07,8
7.6021e+07,7
7.6172e+07,6
7.6322e+07,5
7.6383e+07,4
7.6472e+07,3
7.6534e+07,2
7.6622e+07,1
7.6684e+07,0
7.6772e+07,-1
7.6834e+07,-2
7.6922e+07,-3
7.6984e+07,-4
7.7072e+07,-5
7.7134e+07,-6
7.7284e+07,-7
7.7434e+07,-8
7.8193e+07,-7
7.8344e+07,-6
7.8494e+07,-5
7.8555e+07,-4
7.8644e+07,-3
7.8706e+07,-2
7.8794e+07,-1
7.8856e+07,0
7.8944e+07,1
7.9006e+07,2
7.9094e+07,3
7.9156e+07,4
7.9244e+07,5
7.9306e+07,6
7.9456e+07,7
7.9606e+07,8
8.0365e+07,7
8.0516e+07,6
8.0666e+07,5
8.0727e+07,4
8.0816e+07,3
8.0878e+07,2
8.0966e+07,1
8.1028e+07,0
8.1116e+07,-1
8.1178e+07,-2
8.1266e+07,-3
8.1328e+07,-4
8.1416e+07,-5
8.1478e+07,-6
8.1628e+07,-7
8.1778e+07,-8
8.2537e+07,-7
8.2688e+07,-6
8.2838e+07,-5
8.2899e+07,-4
8.2988e+07,-3
8.305e+07,-2
8.3138e+07,-1
8.32e+07,0
8.3288e+07,1
8.335e+07,2
8.3438e+07,3
8.35e+07,4
8.3588e+07,5
8.365e+07,6
8.38e+07,7
8.395e+07,8
8.4709e+07,7
8.486e+07,6
8.501e+07,5
8.5071e+07,4
8.516e+07,3
8.5222e+07,2
8.531e+07,1
8.5372e+07,0
8.546e+07,-1
8.5522e+07,-2
8.561e+07,-3
8.5672e+07,-4
8.576e+07,-5
8.5822e+07,-6
8.5972e+07,-7
8.6122e+07,-8
8.6881e+07,-7
8.7032e+07,-6
8.7182e+07,-5
8.7243e+07,-4
8.7332e+07,-3
8.7394e+07,-2
8.7482e+07,-1
8.7544e+07,0
8.7632e+07,1
8.7694e+07,2
8.7782e+07,3
8.7844e+07,4
8.7932e+07,5
8.7994e+07,6
8.8144e+07,7
8.8294e+07,8
8.9053e+07,7
8.9204e+07,6
8.9354e+07,5
8.9415e+07,4
8.9504e+07,3
8.9566e+07,2
8.9654e+07,1
8.9716e+07,0
8.9804e+07,-1
8.9866e+07,-2
8.9954e+07,-3
9.0016e+07,-4
9.0104e+07,-5
9.0166e+07,-6
9.0316e+07,-7
9.0466e+07,-8
9.1225e+07,-7
9.1376e+07,-6
9.1526e+07,-5
9.1587e+07,-4
9.1676e+07,-3
9.1738e+07,-2
9.1826e+07,-1
9.1888e+07,0
9.1976e+07,1
9.2038e+07,2
9.2126e+07,3
9.2188e+07,4
9.2276e+07,5
9.2338e+07,6
9.2488e+07,7
9.2638e+07,8
9.3397e+07,7
9.3548e+07,6
9.3698e+07,5
9.3759e+07,4
9.3848e+07,3
9.391e+07,2
9.3998e+07,1
9.406e+07,0
9.4148e+07,-1
9.421e+07,-2
9.4298e+07,-3
9.436e+07,-4
9.4448e+07,-5
9.451e+07,-6
9.466e+07,-7
9.481e+07,-8
9.5569e+07,-7
9.572e+07,-6
9.587e+07,-5
9.5931e+07,-4
9.602e+07,-3
9.6082e+07,-2
9.617e+07,-1
9.6232e+07,0
9.632e+07,1
9.6382e+07,2
9.647e+07,3
9.6532e+07,4
9.662e+07,5
9.6682e+07,6
9.6832e+07,7
9.6982e+07,8
9.7741e+07,7
9.7892e+07,6
9.8042e+07,5
9.8103e+07,4
9.8192e+07,3
9.8254e+07,2
9.8342e+07,1
9.8404e+07,0
9.8492e+07,-1
9.8554e+07,-2
9.8642e+07,-3
9.8704e+07,-4
9.8792e+07,-5
9.8854e+07,-6
9.9004e+07,-7
9.9154e+07,-8
9.9913e+07,-7
1.0006e+08,-6
1.0021e+08,-5
1.0027e+08,-4
1.0036e+08,-3
1.0043e+08,-2
1.0051e+08,-1
1.0058e+08,0
1.0066e+08,1
1.0073e+08,2
1.0081e+08,3
1.0088e+08,4
1.0096e+08,5
1.0103e+08,6
1.0118e+08,7
1.0133e+08,8
1.0208e+08,7
1.0224e+08,6
1.0239e+08,5
1.0245e+08,4
1.0254e+08,3
1.026e+08,2
1.0269e+08,1
1.0275e+08,0
1.0284e+08,-1
1.029e+08,-2
1.0299e+08,-3
1.0305e+08,-4
1.0314e+08,-5
1.032e+08,-6
1.0335e+08,-7
1.035e+08,-8
1.0426e+08,-7
1.0441e+08,-6
1.0456e+08,-5
1.0462e+08,-4
1.0471e+08,-3
1.0477e+08,-2
1.0486e+08,-1
1.0492e+08,0
1.0501e+08,1
1.0507e+08,2
1.0516e+08,3
1.0522e+08,4
1.0531e+08,5
1.0537e+08,6
1.0552e+08,7
1.0567e+08,8
1.0643e+08,7
1.0658e+08,6
1.0673e+08,5
1.0679e+08,4
1.0688e+08,3
1.0694e+08,2
1.0703e+08,1
1.0709e+08,0
1.0718e+08,-1
1.0724e+08,-2
1.0733e+08,-3
1.0739e+08,-4
1.0748e+08,-5
1.0754e+08,-6
1.0769e+08,-7
1.0784e+08,-8
1.086e+08,-7
1.0875e+08,-6
1.089e+08,-5
1.0896e+08,-4
1.0905e+08,-3
1.0911e+08,-2
1.092e+08,-1
1.0926e+08,0
1.0935e+08,1
1.0941e+08,2
1.095e+08,3
1.0956e+08,4
1.0965e+08,5
1.0971e+08,6
1.0986e+08,7
1.1001e+08,8
1.1077e+08,7
1.1092e+08,6
1.1107e+08,5
1.1113e+08,4
1.1122e+08,3
1.1129e+08,2
1.1137e+08,1
1.1144e+08,0
1.1152e+08,-1
1.1159e+08,-2
1.1167e+08,-3
1.1174e+08,-4
1.1182e+08,-5
1.1189e+08,-6
1.1204e+08,-7
1.1219e+08,-8
1.1294e+08,-7
1.131e+08,-6
1.1325e+08,-5
1.1331e+08,-4
1.134e+08,-3
1.1346e+08,-2
1.1355e+08,-1
1.1361e+08,0
1.137e+08,1
1.1376e+08,2
1.1385e+08,3
1.1391e+08,4
1.14e+08,5
1.1406e+08,6
1.1421e+08,7
1.1436e+08,8
1.1512e+08,7
1.1527e+08,6
1.1542e+08,5
1.1548e+08,4
1.1557e+08,3
1.1563e+08,2
1.1572e+08,1
1.1578e+08,0
1.1587e+08,-1
1.1593e+08,-2
1.1602e+08,-3
1.1608e+08,-4
1.1617e+08,-5
1.1623e+08,-6
1.1638e+08,-7
1.1653e+08,-8
1.1729e+08,-7
1.1744e+08,-6
1.1759e+08,-5
1.1765e+08,-4
1.1774e+08,-3
1.178e+08,-2
1.1789e+08,-1
1.1795e+08,0
1.1804e+08,1
1.181e+08,2
1.1819e+08,3
1.1825e+08,4
1.1834e+08,5
1.184e+08,6
1.1855e+08,7
1.187e+08,8
1.1946e+08,7
1.1961e+08,6
1.1976e+08,5
1.1982e+08,4
1.1991e+08,3
1.1997e+08,2
1.2006e+08,1
1.2012e+08,0
1.2021e+08,-1
1.2027e+08,-2
1.2036e+08,-3
1.2042e+08,-4
1.2051e+08,-5
1.2057e+08,-6
1.2072e+08,-7
1.2087e+08,-8
1.2163e+08,-7
1.2178e+08,-6
1.2193e+08,-5
1.2199e+08,-4
1.2208e+08,-3
1.2215e+08,-2
1.2223e+08,-1
1.223e+08,0
1.2238e+08,1
1.2245e+08,2
1.2253e+08,3
1.226e+08,4
1.2268e+08,5
1.2275e+08,6
1.229e+08,7
1.2305e+08,8
1.238e+08,7
1.2396e+08,6
1.2411e+08,5
1.2417e+08,4
1.2426e+08,3
1.2432e+08,2
1.2441e+08,1
1.2447e+08,0
1.2456e+08,-1
1.2462e+08,-2
1.2471e+08,-3
1.2477e+08,-4
1.2486e+08,-5
1.2492e+08,-6
1.2507e+08,-7
1.2522e+08,-8
1.2598e+08,-7
1.2613e+08,-6
1.2628e+08,-5
1.2634e+08,-4
1.2643e+08,-3
1.2649e+08,-2
1.2658e+08,-1
1.2664e+08,0
1.2673e+08,1
1.2679e+08,2
1.2688e+08,3
1.2694e+08,4
1.2703e+08,5
1.2709e+08,6
1.2724e+08,7
1.2739e+08,8
1.2815e+08,7
1.283e+08,6
1.2845e+08,5
1.2851e+08,4
1.286e+08,3
1.2866e+08,2
1.2875e+08,1
1.2881e+08,0
1.289e+08,-1
1.2896e+08,-2
1.2905e+08,-3
1.2911e+08,-4
1.292e+08,-5
1.2926e+08,-6
1.2941e+08,-7
1.2956e+08,-8
1.3032e+08,-7
1.3047e+08,-6
1.3062e+08,-5
1.3068e+08,-4
1.3077e+08,-3
1.3083e+08,-2
1.3092e+08,-1
1.3098e+08,0
1.3107e+08,1
1.3113e+08,2
1.3122e+08,3
1.3128e+08,4
1.3137e+08,5
1.3143e+08,6
1.3158e+08,7
1.3173e+08,8
1.3249e+08,7
1.3264e+08,6
1.3279e+08,5
1.3285e+08,4
1.3294e+08,3
1.3301e+08,2
1.3309e+08,1
1.3316e+08,0
1.3324e+08,-1
1.3331e+08,-2
1.3339e+08,-3
1.3346e+08,-4
1.3354e+08,-5
1.3361e+08,-6
1.3376e+08,-7
1.3391e+08,-8
1.3466e+08,-7
1.3482e+08,-6
1.3497e+08,-5
1.3503e+08,-4
1.3512e+08,-3
1.3518e+08,-2
1.3527e+08,-1
1.3533e+08,0
1.3542e+08,1
1.3548e+08,2
1.3557e+08,3
1.3563e+08,4
1.3572e+08,5
1.3578e+08,6
1.3593e+08,7
1.3608e+08,8
1.3684e+08,7
1.3699e+08,6
1.3714e+08,5
1.372e+08,4
1.3729e+08,3
1.3735e+08,2
1.3744e+08,1
1.375e+08,0
1.3759e+08,-1
1.3765e+08,-2
1.3774e+08,-3
1.378e+08,-4
1.3789e+08,-5
1.3795e+08,-6
1.381e+08,-7
1.3825e+08,-8
1.3901e+08,-7
1.3916e+08,-6
1.3931e+08,-5
1.3937e+08,-4
1.3946e+08,-3
1.3952e+08,-2
1.3961e+08,-1
1.3967e+08,0
1.3976e+08,1
1.3982e+08,2
1.3991e+08,3
1.3997e+08,4
1.4006e+08,5
1.4012e+08,6
1.4027e+08,7
1.4042e+08,8
1.4118e+08,7
1.4133e+08,6
1.4148e+08,5
1.4154e+08,4
1.4163e+08,3
1.4169e+08,2
1.4178e+08,1
1.4184e+08,0
1.4193e+08,-1
1.4199e+08,-2
1.4208e+08,-3
1.4214e+08,-4
1.4223e+08,-5
1.4229e+08,-6
1.4244e+08,-7
1.4259e+08,-8
1.4335e+08,-7
1.435e+08,-6
1.4365e+08,-5
1.4371e+08,-4
1.438e+08,-3
1.4387e+08,-2
1.4395e+08,-1
1.4402e+08,0
1.441e+08,1
1.4417e+08,2
1.4425e+08,3
1.4432e+08,4
1.444e+08,5
1.4447e+08,6
1.4462e+08,7
1.4477e+08,8
1.4552e+08,7
1.4568e+08,6
1.4583e+08,5
1.4589e+08,4
1.4598e+08,3
1.4604e+08,2
1.4613e+08,1
1.4619e+08,0
1.4628e+08,-1
1.4634e+08,-2
1.4643e+08,-3
1.4649e+08,-4
1.4658e+08,-5
1.4664e+08,-6
1.4679e+08,-7
1.4694e+08,-8
1.477e+08,-7
1.4785e+08,-6
1.48e+08,-5
1.4806e+08,-4
1.4815e+08,-3
1.4821e+08,-2
1.483e+08,-1
1.4836e+08,0
1.4845e+08,1
1.4851e+08,2
1.486e+08,3
1.4866e+08,4
1.4875e+08,5
1.4881e+08,6
1.4896e+08,7
1.4911e+08,8
1.4987e+08,7
1.5002e+08,6
1.5017e+08,5
1.5023e+08,4
1.5032e+08,3
1.5038e+08,2
1.5047e+08,1
1.5053e+08,0
1.5062e+08,-1
1.5068e+08,-2
1.5077e+08,-3
1.5083e+08,-4
1.5092e+08,-5
1.5098e+08,-6
1.5113e+08,-7
1.5128e+08,-8
1.5204e+08,-7
1.5219e+08,-6
1.5234e+08,-5
1.524e+08,-4
1.5249e+08,-3
1.5255e+08,-2
1.5264e+08,-1
1.527e+08,0
1.5279e+08,1
1.5285e+08,2
1.5294e+08,3
1.53e+08,4
1.5309e+08,5
1.5315e+08,6
1.533e+08,7
1.5345e+08,8
1.5421e+08,7
1.5436e+08,6
1.5451e+08,5
1.5457e+08,4
1.5466e+08,3
1.5473e+08,2
1.5481e+08,1
1.5488e+08,0
1.5496e+08,-1
1.5503e+08,-2
1.5511e+08,-3
1.5518e+08,-4
1.5526e+08,-5
1.5533e+08,-6
1.5548e+08,-7
1.5563e+08,-8
1.5638e+08,-7
1.5654e+08,-6
1.5669e+08,-5
1.5675e+08,-4
1.5684e+08,-3
1.569e+08,-2
1.5699e+08,-1
1.5705e+08,0
1.5714e+08,1
1.572e+08,2
1.5729e+08,3
1.5735e+08,4
1.5744e+08,5
1.575e+08,6
1.5765e+08,7
1.578e+08,8
1.5856e+08,7
1.5871e+08,6
1.5886e+08,5
1.5892e+08,4
1.5901e+08,3
1.5907e+08,2
1.5916e+08,1
1.5922e+08,0
1.5931e+08,-1
1.5937e+08,-2
1.5946e+08,-3
1.5952e+08,-4
1.5961e+08,-5
1.5967e+08,-6
1.5982e+08,-7
1.5997e+08,-8
1.6073e+08,-7
1.6088e+08,-6
1.6103e+08,-5
1.6109e+08,-4
1.6118e+08,-3
1.6124e+08,-2
1.6133e+08,-1
1.6139e+08,0
1.6148e+08,1
1.6154e+08,2
1.6163e+08,3
1.6169e+08,4
1.6178e+08,5
1.6184e+08,6
1.6199e+08,7
1.6214e+08,8
1.629e+08,7
1.6305e+08,6
1.632e+08,5
1.6326e+08,4
1.6335e+08,3
1.6341e+08,2
1.635e+08,1
1.6356e+08,0
1.6365e+08,-1
1.6371e+08,-2
1.638e+08,-3
1.6386e+08,-4
1.6395e+08,-5
1.6401e+08,-6
1.6416e+08,-7
1.6431e+08,-8
1.6507e+08,-7
1.6522e+08,-6
1.6537e+08,-5
1.6543e+08,-4
1.6552e+08,-3
1.6559e+08,-2
1.6567e+08,-1
1.6574e+08,0
1.6582e+08,1
1.6589e+08,2
1.6597e+08,3
1.6604e+08,4
1.6612e+08,5
1.6619e+08,6
1.6634e+08,7
1.6649e+08,8
1.6724e+08,7
1.674e+08,6
1.6755e+08,5
1.6761e+08,4
1.677e+08,3
1.6776e+08,2
1.6785e+08,1
1.6791e+08,0
1.68e+08,-1
1.6806e+08,-2
1.6815e+08,-3
1.6821e+08,-4
1.683e+08,-5
1.6836e+08,-6
1.6851e+08,-7
1.6866e+08,-8
1.6942e+08,-7
1.6957e+08,-6
1.6972e+08,-5
1.6978e+08,-4
1.6987e+08,-3
1.6993e+08,-2
1.7002e+08,-1
1.7008e+08,0
1.7017e+08,1
1.7023e+08,2
1.7032e+08,3
1.7038e+08,4
1.7047e+08,5
1.7053e+08,6
1.7068e+08,7
1.7083e+08,8
1.7159e+08,7
1.7174e+08,6
1.7189e+08,5
1.7195e+08,4
1.7204e+08,3
1.721e+08,2
1.7219e+08,1
1.7225e+08,0
1.7234e+08,-1
1.724e+08,-2
1.7249e+08,-3
1.7255e+08,-4
1.7264e+08,-5
1.727e+08,-6
1.7285e+08,-7
1.73e+08,-8
1.7376e+08,-7
1.7391e+08,-6
1.7406e+08,-5
1.7412e+08,-4
1.7421e+08,-3
1.7427e+08,-2
1.7436e+08,-1
1.7442e+08,0
1.7451e+08,1
1.7457e+08,2
1.7466e+08,3
1.7472e+08,4
1.7481e+08,5
1.7487e+08,6
1.7502e+08,7
1.7517e+08,8
1.7593e+08,7
1.7608e+08,6
1.7623e+08,5
1.7629e+08,4
1.7638e+08,3
1.7645e+08,2
1.7653e+08,1
1.766e+08,0
1.7668e+08,-1
1.7675e+08,-2
1.7683e+08,-3
1.769e+08,-4
1.7698e+08,-5
1.7705e+08,-6
1.772e+08,-7
1.7735e+08,-8
1.781e+08,-7
1.7826e+08,-6
1.7841e+08,-5
1.7847e+08,-4
1.7856e+08,-3
1.7862e+08,-2
1.7871e+08,-1
1.7877e+08,0
1.7886e+08,1
1.7892e+08,2
1.7901e+08,3
1.7907e+08,4
1.7916e+08,5
1.7922e+08,6
1.7937e+08,7
1.7952e+08,8
1.8028e+08,7
1.8043e+08,6
1.8058e+08,5
1.8064e+08,4
1.8073e+08,3
1.8079e+08,2
1.8088e+08,1
1.8094e+08,0
1.8103e+08,-1
1.8109e+08,-2
1.8118e+08,-3
1.8124e+08,-4
1.8133e+08,-5
1.8139e+08,-6
1.8154e+08,-7
1.8169e+08,-8
1.8245e+08,-7
1.826e+08,-6
1.8275e+08,-5
1.8281e+08,-4
1.829e+08,-3
1.8296e+08,-2
1.8305e+08,-1
1.8311e+08,0
1.832e+08,1
1.8326e+08,2
1.8335e+08,3
1.8341e+08,4
1.835e+08,5
1.8356e+08,6
1.8371e+08,7
1.8386e+08,8
1.8462e+08,7
1.8477e+08,6
1.8492e+08,5
1.8498e+08,4
1.8507e+08,3
1.8513e+08,2
1.8522e+08,1
1.8528e+08,0
1.8537e+08,-1
1.8543e+08,-2
1.8552e+08,-3
1.8558e+08,-4
1.8567e+08,-5
1.8573e+08,-6
1.8588e+08,-7
1.8603e+08,-8
1.8679e+08,-7
1.8694e+08,-6
1.8709e+08,-5
1.8715e+08,-4
1.8724e+08,-3
1.8731e+08,-2
1.8739e+08,-1
1.8746e+08,0
1.8754e+08,1
1.8761e+08,2
1.8769e+08,3
1.8776e+08,4
1.8784e+08,5
1.8791e+08,6
1.8806e+08,7
1.8821e+08,8
1.8896e+08,7
1.8912e+08,6
1.8927e+08,5
1.8933e+08,4
1.8942e+08,3
1.8948e+08,2
1.8957e+08,1
1.8963e+08,0
1.8972e+08,-1
1.8978e+08,-2
1.8987e+08,-3
1.8993e+08,-4
1.9002e+08,-5
1.9008e+08,-6
1.9023e+08,-7
1.9038e+08,-8
1.9114e+08,-7
1.9129e+08,-6
1.9144e+08,-5
1.915e+08,-4
1.9159e+08,-3
1.9165e+08,-2
1.9174e+08,-1
1.918e+08,0
1.9189e+08,1
1.9195e+08,2
1.9204e+08,3
1.921e+08,4
1.9219e+08,5
1.9225e+08,6
1.924e+08,7
1.9255e+08,8
1.9331e+08,7
1.9346e+08,6
1.9361e+08,5
1.9367e+08,4
1.9376e+08,3
1.9382e+08,2
1.9391e+08,1
1.9397e+08,0
1.9406e+08,-1
1.9412e+08,-2
1.9421e+08,-3
1.9427e+08,-4
1.9436e+08,-5
1.9442e+08,-6
1.9457e+08,-7
1.9472e+08,-8
1.9548e+08,-7
1.9563e+08,-6
1.9578e+08,-5
1.9584e+08,-4
1.9593e+08,-3
1.9599e+08,-2
1.9608e+08,-1
1.9614e+08,0
1.9623e+08,1
1.9629e+08,2
1.9638e+08,3
1.9644e+08,4
1.9653e+08,5
1.9659e+08,6
1.9674e+08,7
1.9689e+08,8
1.9765e+08,7
1.978e+08,6
1.9795e+08,5
1.9801e+08,4
1.981e+08,3
1.9817e+08,2
1.9825e+08,1
1.9832e+08,0
1.984e+08,-1
1.9847e+08,-2
1.9855e+08,-3
1.9862e+08,-4
1.987e+08,-5
1.9877e+08,-6
1.9892e+08,-7
1.9907e+08,-8
1.9982e+08,-7
1.9998e+08,-6
2.0013e+08,-5
2.0019e+08,-4
2.0028e+08,-3
2.0034e+08,-2
2.0043e+08,-1
2.0049e+08,0
2.0058e+08,1
2.0064e+08,2
2.0073e+08,3
2.0079e+08,4
2.0088e+08,5
2.0094e+08,6
2.0109e+08,7
2.0124e+08,8
2.02e+08,7
2.0215e+08,6
2.023e+08,5
2.0236e+08,4
2.0245e+08,3
2.0251e+08,2
2.026e+08,1
2.0266e+08,0
2.0275e+08,-1
2.0281e+08,-2
2.029e+08,-3
2.0296e+08,-4
2.0305e+08,-5
2.0311e+08,-6
2.0326e+08,-7
2.0341e+08,-8
2.0417e+08,-7
2.0432e+08,-6
2.0447e+08,-5
2.0453e+08,-4
2.0462e+08,-3
2.0468e+08,-2
2.0477e+08,-1
2.0483e+08,0
2.0492e+08,1
2.0498e+08,2
2.0507e+08,3
2.0513e+08,4
2.0522e+08,5
2.0528e+08,6
2.0543e+08,7
2.0558e+08,8
2.0634e+08,7
2.0649e+08,6
2.0664e+08,5
2.067e+08,4
2.0679e+08,3
2.0685e+08,2
2.0694e+08,1
2.07e+08,0
2.0709e+08,-1
2.0715e+08,-2
2.0724e+08,-3
2.073e+08,-4
2.0739e+08,-5
2.0745e+08,-6
2.076e+08,-7
2.0775e+08,-8
2.0851e+08,-7
2.0866e+08,-6
2.0881e+08,-5
2.0887e+08,-4
2.0896e+08,-3
2.0903e+08,-2
2.0911e+08,-1
2.0918e+08,0
2.0926e+08,1
2.0933e+08,2
2.0941e+08,3
2.0948e+08,4
2.0956e+08,5
2.0963e+08,6
2.0978e+08,7
2.0993e+08,8
2.1068e+08,7
2.1084e+08,6
2.1099e+08,5
2.1105e+08,4
2.1114e+08,3
2.112e+08,2
2.1129e+08,1
2.1135e+08,0
2.1144e+08,-1
2.115e+08,-2
2.1159e+08,-3
2.1165e+08,-4
2.1174e+08,-5
2.118e+08,-6
2.1195e+08,-7
2.121e+08,-8
2.1286e+08,-7
2.1301e+08,-6
2.1316e+08,-5
2.1322e+08,-4
2.1331e+08,-3
2.1337e+08,-2
2.1346e+08,-1
2.1352e+08,0
2.1361e+08,1
2.1367e+08,2
2.1376e+08,3
2.1382e+08,4
2.1391e+08,5
2.1397e+08,6
2.1412e+08,7
2.1427e+08,8
2.1503e+08,7
2.1518e+08,6
2.1533e+08,5
2.1539e+08,4
2.1548e+08,3
2.1554e+08,2
2.1563e+08,1
2.1569e+08,0
2.1578e+08,-1
2.1584e+08,-2
2.1593e+08,-3
2.1599e+08,-4
2.1608e+08,-5
2.1614e+08,-6
2.1629e+08,-7
2.1644e+08,-8
2.172e+08,-7
2.1735e+08,-6
2.175e+08,-5
2.1756e+08,-4
2.1765e+08,-3
2.1771e+08,-2
2.178e+08,-1
2.1786e+08,0
2.1795e+08,1
2.1801e+08,2
2.181e+08,3
2.1816e+08,4
2.1825e+08,5
2.1831e+08,6
2.1846e+08,7
2.1861e+08,8
2.1937e+08,7
2.1952e+08,6
2.1967e+08,5
2.1973e+08,4
2.1982e+08,3
2.1989e+08,2
2.1997e+08,1
2.2004e+08,0
2.2012e+08,-1
2.2019e+08,-2
2.2027e+08,-3
2.2034e+08,-4
2.2042e+08,-5
2.2049e+08,-6
2.2064e+08,-7
2.2079e+08,-8
2.2154e+08,-7
2.217e+08,-6
2.2185e+08,-5
2.2191e+08,-4
2.22e+08,-3
2.2206e+08,-2
2.2215e+08,-1
2.2221e+08,0
2.223e+08,1
2.2236e+08,2
2.2245e+08,3
2.2251e+08,4
2.226e+08,5
2.2266e+08,6
2.2281e+08,7
2.2296e+08,8
2.2372e+08,7
2.2387e+08,6
2.2402e+08,5
2.2408e+08,4
2.2417e+08,3
2.2423e+08,2
2.2432e+08,1
2.2438e+08,0
2.2447e+08,-1
2.2453e+08,-2
2.2462e+08,-3
2.2468e+08,-4
2.2477e+08,-5
2.2483e+08,-6
2.2498e+08,-7
2.2513e+08,-8
2.2589e+08,-7
2.2604e+08,-6
2.2619e+08,-5
2.2625e+08,-4
2.2634e+08,-3
2.264e+08,-2
2.2649e+08,-1
2.2655e+08,0
2.2664e+08,1
2.267e+08,2
2.2679e+08,3
2.2685e+08,4
2.2694e+08,5
2.27e+08,6
2.2715e+08,7
2.273e+08,8
2.2806e+08,7
2.2821e+08,6
2.2836e+08,5
2.2842e+08,4
2.2851e+08,3
2.2857e+08,2
2.2866e+08,1
2.2872e+08,0
2.2881e+08,-1
2.2887e+08,-2
2.2896e+08,-3
2.2902e+08,-4
2.2911e+08,-5
2.2917e+08,-6
2.2932e+08,-7
2.2947e+08,-8
2.3023e+08,-7
2.3038e+08,-6
2.3053e+08,-5
2.3059e+08,-4
2.3068e+08,-3
2.3075e+08,-2
2.3083e+08,-1
2.309e+08,0
2.3098e+08,1
2.3105e+08,2
2.3113e+08,3
2.312e+08,4
2.3128e+08,5
2.3135e+08,6
2.315e+08,7
2.3165e+08,8
2.324e+08,7
2.3256e+08,6
2.3271e+08,5
2.3277e+08,4
2.3286e+08,3
2.3292e+08,2
2.3301e+08,1
2.3307e+08,0
2.3316e+08,-1
2.3322e+08,-2
2.3331e+08,-3
2.3337e+08,-4
2.3346e+08,-5
2.3352e+08,-6
2.3367e+08,-7
2.3382e+08,-8
2.3458e+08,-7
2.3473e+08,-6
2.3488e+08,-5
2.3494e+08,-4
2.3503e+08,-3
2.3509e+08,-2
2.3518e+08,-1
2.3524e+08,0
2.3533e+08,1
2.3539e+08,2
2.3548e+08,3
2.3554e+08,4
2.3563e+08,5
2.3569e+08,6
2.3584e+08,7
2.3599e+08,8
2.3675e+08,7
2.369e+08,6
2.3705e+08,5
2.3711e+08,4
2.372e+08,3
2.3726e+08,2
2.3735e+08,1
2.3741e+08,0
2.375e+08,-1
2.3756e+08,-2
2.3765e+08,-3
2.3771e+08,-4
2.378e+08,-5
2.3786e+08,-6
2.3801e+08,-7
2.3816e+08,-8
2.3892e+08,-7
2.3907e+08,-6
2.3922e+08,-5
2.3928e+08,-4
2.3937e+08,-3
2.3943e+08,-2
2.3952e+08,-1
2.3958e+08,0
2.3967e+08,1
2.3973e+08,2
2.3982e+08,3
2.3988e+08,4
2.3997e+08,5
2.4003e+08,6
2.4018e+08,7
2.4033e+08,8
2.4109e+08,7
2.4124e+08,6
2.4139e+08,5
2.4145e+08,4
2.4154e+08,3
2.4161e+08,2
2.4169e+08,1
2.4176e+08,0
2.4184e+08,-1
2.4191e+08,-2
2.4199e+08,-3
2.4206e+08,-4
2.4214e+08,-5
2.4221e+08,-6
2.4236e+08,-7
2.4251e+08,-8
2.4326e+08,-7
2.4342e+08,-6
2.4357e+08,-5
2.4363e+08,-4
2.4372e+08,-3
2.4378e+08,-2
2.4387e+08,-1
2.4393e+08,0
2.4402e+08,1
2.4408e+08,2
2.4417e+08,3
2.4423e+08,4
2.4432e+08,5
2.4438e+08,6
2.4453e+08,7
2.4468e+08,8
2.4544e+08,7
2.4559e+08,6
2.4574e+08,5
2.458e+08,4
2.4589e+08,3
2.4595e+08,2
2.4604e+08,1
2.461e+08,0
2.4619e+08,-1
2.4625e+08,-2
2.4634e+08,-3
2.464e+08,-4
2.4649e+08,-5
2.4655e+08,-6
2.467e+08,-7
2.4685e+08,-8
2.4761e+08,-7
2.4776e+08,-6
2.4791e+08,-5
2.4797e+08,-4
2.4806e+08,-3
2.4812e+08,-2
2.4821e+08,-1
2.4827e+08,0
2.4836e+08,1
2.4842e+08,2
2.4851e+08,3
2.4857e+08,4
2.4866e+08,5
2.4872e+08,6
2.4887e+08,7
2.4902e+08,8
2.4978e+08,7
2.4993e+08,6
2.5008e+08,5
2.5014e+08,4
2.5023e+08,3
2.5029e+08,2
2.5038e+08,1
2.5044e+08,0
2.5053e+08,-1
2.5059e+08,-2
2.5068e+08,-3
2.5074e+08,-4
2.5083e+08,-5
2.5089e+08,-6
2.5104e+08,-7
2.5119e+08,-8
2.5195e+08,-7
2.521e+08,-6
2.5225e+08,-5
2.5231e+08,-4
2.524e+08,-3
2.5247e+08,-2
2.5255e+08,-1
2.5262e+08,0
2.527e+08,1
2.5277e+08,2
2.5285e+08,3
2.5292e+08,4
2.53e+08,5
2.5307e+08,6
2.5322e+08,7
2.5337e+08,8
2.5412e+08,7
2.5428e+08,6
2.5443e+08,5
2.5449e+08,4
2.5458e+08,3
2.5464e+08,2
2.5473e+08,1
2.5479e+08,0
2.5488e+08,-1
2.5494e+08,-2
2.5503e+08,-3
2.5509e+08,-4
2.5518e+08,-5
2.5524e+08,-6
2.5539e+08,-7
2.5554e+08,-8
2.563e+08,-7
2.5645e+08,-6
2.566e+08,-5
2.5666e+08,-4
2.5675e+08,-3
2.5681e+08,-2
2.569e+08,-1
2.5696e+08,0
2.5705e+08,1
2.5711e+08,2
2.572e+08,3
2.5726e+08,4
2.5735e+08,5
2.5741e+08,6
2.5756e+08,7
2.5771e+08,8
2.5847e+08,7
2.5862e+08,6
2.5877e+08,5
2.5883e+08,4
2.5892e+08,3
2.5898e+08,2
2.5907e+08,1
2.5913e+08,0
2.5922e+08,-1
2.5928e+08,-2
2.5937e+08,-3
2.5943e+08,-4
2.5952e+08,-5
2.5958e+08,-6
2.5973e+08,-7
2.5988e+08,-8
2.6064e+08,-7
2.6079e+08,-6
2.6094e+08,-5
2.61e+08,-4
2.6109e+08,-3
2.6115e+08,-2
2.6124e+08,-1
2.613e+08,0
2.6139e+08,1
2.6145e+08,2
2.6154e+08,3
2.616e+08,4
2.6169e+08,5
2.6175e+08,6
2.619e+08,7
2.6205e+08,8
2.6281e+08,7
2.6296e+08,6
2.6311e+08,5
2.6317e+08,4
2.6326e+08,3
2.6333e+08,2
2.6341e+08,1
2.6348e+08,0
2.6356e+08,-1
2.6363e+08,-2
2.6371e+08,-3
2.6378e+08,-4
2.6386e+08,-5
2.6393e+08,-6
2.6408e+08,-7
2.6423e+08,-8
2.6498e+08,-7
2.6514e+08,-6
2.6529e+08,-5
2.6535e+08,-4
2.6544e+08,-3
2.655e+08,-2
2.6559e+08,-1
2.6565e+08,0
2.6574e+08,1
2.658e+08,2
2.6589e+08,3
2.6595e+08,4
2.6604e+08,5
2.661e+08,6
2.6625e+08,7
2.664e+08,8
2.6716e+08,7
2.6731e+08,6
2.6746e+08,5
2.6752e+08,4
2.6761e+08,3
2.6767e+08,2
2.6776e+08,1
2.6782e+08,0
2.6791e+08,-1
2.6797e+08,-2
2.6806e+08,-3
2.6812e+08,-4
2.6821e+08,-5
2.6827e+08,-6
2.6842e+08,-7
2.6857e+08,-8
2.6933e+08,-7
2.6948e+08,-6
2.6963e+08,-5
2.6969e+08,-4
2.6978e+08,-3
2.6984e+08,-2
2.6993e+08,-1
2.6999e+08,0
2.7008e+08,1
2.7014e+08,2
2.7023e+08,3
2.7029e+08,4
2.7038e+08,5
2.7044e+08,6
2.7059e+08,7
2.7074e+08,8
2.715e+08,7
2.7165e+08,6
2.718e+08,5
2.7186e+08,4
2.7195e+08,3
2.7201e+08,2
2.721e+08,1
2.7216e+08,0
2.7225e+08,-1
2.7231e+08,-2
2.724e+08,-3
2.7246e+08,-4
2.7255e+08,-5
2.7261e+08,-6
2.7276e+08,-7
2.7291e+08,-8
2.7367e+08,-7
2.7382e+08,-6
2.7397e+08,-5
2.7403e+08,-4
2.7412e+08,-3
2.7419e+08,-2
2.7427e+08,-1
2.7434e+08,0
2.7442e+08,1
2.7449e+08,2
2.7457e+08,3
2.7464e+08,4
2.7472e+08,5
2.7479e+08,6
2.7494e+08,7
2.7509e+08,8
2.7584e+08,7
2.76e+08,6
2.7615e+08,5
2.7621e+08,4
2.763e+08,3
2.7636e+08,2
2.7645e+08,1
2.7651e+08,0
2.766e+08,-1
2.7666e+08,-2
2.7675e+08,-3
2.7681e+08,-4
2.769e+08,-5
2.7696e+08,-6
2.7711e+08,-7
2.7726e+08,-8
2.7802e+08,-7
2.7817e+08,-6
2.7832e+08,-5
2.7838e+08,-4
2.7847e+08,-3
2.7853e+08,-2
2.7862e+08,-1
2.7868e+08,0
2.7877e+08,1
2.7883e+08,2
2.7892e+08,3
2.7898e+08,4
2.7907e+08,5
2.7913e+08,6
2.7928e+08,7
2.7943e+08,8
2.8019e+08,7
2.8034e+08,6
2.8049e+08,5
2.8055e+08,4
2.8064e+08,3
2.807e+08,2
2.8079e+08,1
2.8085e+08,0
2.8094e+08,-1
2.81e+08,-2
2.8109e+08,-3
2.8115e+08,-4
2.8124e+08,-5
2.813e+08,-6
2.8145e+08,-7
2.816e+08,-8
2.8236e+08,-7
2.8251e+08,-6
2.8266e+08,-5
2.8272e+08,-4
2.8281e+08,-3
2.8287e+08,-2
2.8296e+08,-1
2.8302e+08,0
2.8311e+08,1
2.8317e+08,2
2.8326e+08,3
2.8332e+08,4
2.8341e+08,5
2.8347e+08,6
2.8362e+08,7
2.8377e+08,8
2.8453e+08,7
2.8468e+08,6
2.8483e+08,5
2.8489e+08,4
2.8498e+08,3
2.8505e+08,2
2.8513e+08,1
2.852e+08,0
2.8528e+08,-1
2.8535e+08,-2
2.8543e+08,-3
2.855e+08,-4
2.8558e+08,-5
2.8565e+08,-6
2.858e+08,-7
2.8595e+08,-8
2.867e+08,-7
2.8686e+08,-6
2.8701e+08,-5
2.8707e+08,-4
2.8716e+08,-3
2.8722e+08,-2
2.8731e+08,-1
2.8737e+08,0
2.8746e+08,1
2.8752e+08,2
2.8761e+08,3
2.8767e+08,4
2.8776e+08,5
2.8782e+08,6
2.8797e+08,7
2.8812e+08,8
2.8888e+08,7
2.8903e+08,6
2.8918e+08,5
2.8924e+08,4
2.8933e+08,3
2.8939e+08,2
2.8948e+08,1
2.8954e+08,0
2.8963e+08,-1
2.8969e+08,-2
2.8978e+08,-3
2.8984e+08,-4
2.8993e+08,-5
2.8999e+08,-6
2.9014e+08,-7
2.9029e+08,-8
2.9105e+08,-7
2.912e+08,-6
2.9135e+08,-5
2.9141e+08,-4
2.915e+08,-3
2.9156e+08,-2
2.9165e+08,-1
2.9171e+08,0
2.918e+08,1
2.9186e+08,2
2.9195e+08,3
2.9201e+08,4
2.921e+08,5
2.9216e+08,6
2.9231e+08,7
2.9246e+08,8
2.9322e+08,7
2.9337e+08,6
2.9352e+08,5
2.9358e+08,4
2.9367e+08,3
2.9373e+08,2
2.9382e+08,1
2.9388e+08,0
2.9397e+08,-1
2.9403e+08,-2
2.9412e+08,-3
2.9418e+08,-4
2.9427e+08,-5
2.9433e+08,-6
2.9448e+08,-7
2.9463e+08,-8
2.9539e+08,-7
2.9554e+08,-6
2.9569e+08,-5
2.9575e+08,-4
2.9584e+08,-3
2.9591e+08,-2
2.9599e+08,-1
2.9606e+08,0
2.9614e+08,1
2.9621e+08,2
2.9629e+08,3
2.9636e+08,4
2.9644e+08,5
2.9651e+08,6
2.9666e+08,7
2.9681e+08,8
2.9756e+08,7
2.9772e+08,6
2.9787e+08,5
2.9793e+08,4
2.9802e+08,3
2.9808e+08,2
2.9817e+08,1
2.9823e+08,0
2.9832e+08,-1
2.9838e+08,-2
2.9847e+08,-3
2.9853e+08,-4
2.9862e+08,-5
2.9868e+08,-6
2.9883e+08,-7
2.9898e+08,-8
2.9974e+08,-7
2.9989e+08,-6
3.0004e+08,-5
3.001e+08,-4
3.0019e+08,-3
3.0025e+08,-2
3.0034e+08,-1
3.004e+08,0
3.0049e+08,1
3.0055e+08,2
3.0064e+08,3
3.007e+08,4
3.0079e+08,5
3.0085e+08,6
3.01e+08,7
3.0115e+08,8
3.0191e+08,7
3.0206e+08,6
3.0221e+08,5
3.0227e+08,4
3.0236e+08,3
3.0242e+08,2
3.0251e+08,1
3.0257e+08,0
3.0266e+08,-1
3.0272e+08,-2
3.0281e+08,-3
3.0287e+08,-4
3.0296e+08,-5
3.0302e+08,-6
3.0317e+08,-7
3.0332e+08,-8
3.0408e+08,-7
3.0423e+08,-6
3.0438e+08,-5
3.0444e+08,-4
3.0453e+08,-3
3.0459e+08,-2
3.0468e+08,-1
3.0474e+08,0
3.0483e+08,1
3.0489e+08,2
3.0498e+08,3
3.0504e+08,4
3.0513e+08,5
3.0519e+08,6
3.0534e+08,7
3.0549e+08,8
3.0625e+08,7
3.064e+08,6
3.0655e+08,5
3.0661e+08,4
3.067e+08,3
3.0677e+08,2
3.0685e+08,1
3.0692e+08,0
3.07e+08,-1
3.0707e+08,-2
3.0715e+08,-3
3.0722e+08,-4
3.073e+08,-5
3.0737e+08,-6
3.0752e+08,-7
3.0767e+08,-8
3.0842e+08,-7
3.0858e+08,-6
3.0873e+08,-5
3.0879e+08,-4
3.0888e+08,-3
3.0894e+08,-2
3.0903e+08,-1
3.0909e+08,0
3.0918e+08,1
3.0924e+08,2
3.0933e+08,3
3.0939e+08,4
3.0948e+08,5
3.0954e+08,6
3.0969e+08,7
3.0984e+08,8
3.106e+08,7
3.1075e+08,6
3.109e+08,5
3.1096e+08,4
3.1105e+08,3
3.1111e+08,2
3.112e+08,1
3.1126e+08,0
3.1135e+08,-1
3.1141e+08,-2
3.115e+08,-3
3.1156e+08,-4
3.1165e+08,-5
3.1171e+08,-6
3.1186e+08,-7
3.1201e+08,-8
3.1277e+08,-7
3.1292e+08,-6
3.1307e+08,-5
3.1313e+08,-4
3.1322e+08,-3
3.1328e+08,-2
3.1337e+08,-1
3.1343e+08,0
3.1352e+08,1
3.1358e+08,2
3.1367e+08,3
3.1373e+08,4
3.1382e+08,5
3.1388e+08,6
3.1403e+08,7
3.1418e+08,8
3.1494e+08,7
3.1509e+08,6
3.1524e+08,5
3.153e+08,4
3.1539e+08,3
3.1545e+08,2
3.1554e+08,1
3.156e+08,0
3.1569e+08,-1
3.1575e+08,-2
3.1584e+08,-3
3.159e+08,-4
3.1599e+08,-5
3.1605e+08,-6
3.162e+08,-7
3.1635e+08,-8
3.1711e+08,-7
3.1726e+08,-6
3.1741e+08,-5
3.1747e+08,-4
3.1756e+08,-3
3.1763e+08,-2
3.1771e+08,-1
3.1778e+08,0
3.1786e+08,1
3.1793e+08,2
3.1801e+08,3
3.1808e+08,4
3.1816e+08,5
3.1823e+08,6
3.1838e+08,7
3.1853e+08,8
3.1928e+08,7
3.1944e+08,6
3.1959e+08,5
3.1965e+08,4
3.1974e+08,3
3.198e+08,2
3.1989e+08,1
3.1995e+08,0
3.2004e+08,-1
3.201e+08,-2
3.2019e+08,-3
3.2025e+08,-4
3.2034e+08,-5
3.204e+08,-6
3.2055e+08,-7
3.207e+08,-8
3.2146e+08,-7
3.2161e+08,-6
3.2176e+08,-5
3.2182e+08,-4
3.2191e+08,-3
3.2197e+08,-2
3.2206e+08,-1
3.2212e+08,0
3.2221e+08,1
3.2227e+08,2
3.2236e+08,3
3.2242e+08,4
3.2251e+08,5
3.2257e+08,6
3.2272e+08,7
3.2287e+08,8
3.2363e+08,7
3.2378e+08,6
3.2393e+08,5
3.2399e+08,4
3.2408e+08,3
3.2414e+08,2
3.2423e+08,1
3.2429e+08,0
3.2438e+08,-1
3.2444e+08,-2
3.2453e+08,-3
3.2459e+08,-4
3.2468e+08,-5
3.2474e+08,-6
3.2489e+08,-7
3.2504e+08,-8
3.258e+08,-7
3.2595e+08,-6
3.261e+08,-5
3.2616e+08,-4
3.2625e+08,-3
3.2631e+08,-2
3.264e+08,-1
3.2646e+08,0
3.2655e+08,1
3.2661e+08,2
3.267e+08,3
3.2676e+08,4
3.2685e+08,5
3.2691e+08,6
3.2706e+08,7
3.2721e+08,8
3.2797e+08,7
3.2812e+08,6
3.2827e+08,5
3.2833e+08,4
3.2842e+08,3
3.2849e+08,2
3.2857e+08,1
3.2864e+08,0
3.2872e+08,-1
3.2879e+08,-2
3.2887e+08,-3
3.2894e+08,-4
3.2902e+08,-5
3.2909e+08,-6
3.2924e+08,-7
3.2939e+08,-8
3.3014e+08,-7
3.303e+08,-6
3.3045e+08,-5
3.3051e+08,-4
3.306e+08,-3
3.3066e+08,-2
3.3075e+08,-1
3.3081e+08,0
3.309e+08,1
3.3096e+08,2
3.3105e+08,3
3.3111e+08,4
3.312e+08,5
3.3126e+08,6
3.3141e+08,7
3.3156e+08,8
3.3232e+08,7
3.3247e+08,6
3.3262e+08,5
3.3268e+08,4
3.3277e+08,3
3.3283e+08,2
3.3292e+08,1
3.3298e+08,0
3.3307e+08,-1
3.3313e+08,-2
3.3322e+08,-3
3.3328e+08,-4
3.3337e+08,-5
3.3343e+08,-6
3.3358e+08,-7
3.3373e+08,-8
3.3449e+08,-7
3.3464e+08,-6
3.3479e+08,-5
3.3485e+08,-4
3.3494e+08,-3
3.35e+08,-2
3.3509e+08,-1
3.3515e+08,0
3.3524e+08,1
3.353e+08,2
3.3539e+08,3
3.3545e+08,4
3.3554e+08,5
3.356e+08,6
3.3575e+08,7
3.359e+08,8
3.3666e+08,7
3.3681e+08,6
3.3696e+08,5
3.3702e+08,4
3.3711e+08,3
3.3717e+08,2
3.3726e+08,1
3.3732e+08,0
3.3741e+08,-1
3.3747e+08,-2
3.3756e+08,-3
3.3762e+08,-4
3.3771e+08,-5
3.3777e+08,-6
3.3792e+08,-7
3.3807e+08,-8
3.3883e+08,-7
3.3898e+08,-6
3.3913e+08,-5
3.3919e+08,-4
3.3928e+08,-3
3.3935e+08,-2
3.3943e+08,-1
3.395e+08,0
3.3958e+08,1
3.3965e+08,2
3.3973e+08,3
3.398e+08,4
3.3988e+08,5
3.3995e+08,6
3.401e+08,7
3.4025e+08,8
3.41e+08,7
3.4116e+08,6
3.4131e+08,5
3.4137e+08,4
3.4146e+08,3
3.4152e+08,2
3.4161e+08,1
3.4167e+08,0
3.4176e+08,-1
3.4182e+08,-2
3.4191e+08,-3
3.4197e+08,-4
3.4206e+08,-5
3.4212e+08,-6
3.4227e+08,-7
3.4242e+08,-8
3.4318e+08,-7
3.4333e+08,-6
3.4348e+08,-5
3.4354e+08,-4
3.4363e+08,-3
3.4369e+08,-2
3.4378e+08,-1
3.4384e+08,0
3.4393e+08,1
3.4399e+08,2
3.4408e+08,3
3.4414e+08,4
3.4423e+08,5
3.4429e+08,6
3.4444e+08,7
3.4459e+08,8
3.4535e+08,7
3.455e+08,6
3.4565e+08,5
3.4571e+08,4
3.458e+08,3
3.4586e+08,2
3.4595e+08,1
3.4601e+08,0
3.461e+08,-1
3.4616e+08,-2
3.4625e+08,-3
3.4631e+08,-4
3.464e+08,-5
3.4646e+08,-6
3.4661e+08,-7
3.4676e+08,-8
3.4752e+08,-7
3.4767e+08,-6
3.4782e+08,-5
3.4788e+08,-4
3.4797e+08,-3
3.4803e+08,-2
3.4812e+08,-1
3.4818e+08,0
3.4827e+08,1
3.4833e+08,2
3.4842e+08,3
3.4848e+08,4
3.4857e+08,5
3.4863e+08,6
3.4878e+08,7
3.4893e+08,8
3.4969e+08,7
3.4984e+08,6
3.4999e+08,5
3.5005e+08,4
3.5014e+08,3
3.5021e+08,2
3.5029e+08,1
3.5036e+08,0
3.5044e+08,-1
3.5051e+08,-2
3.5059e+08,-3
3.5066e+08,-4
3.5074e+08,-5
3.5081e+08,-6
3.5096e+08,-7
3.5111e+08,-8
3.5186e+08,-7
3.5202e+08,-6
3.5217e+08,-5
3.5223e+08,-4
3.5232e+08,-3
3.5238e+08,-2
3.5247e+08,-1
3.5253e+08,0
3.5262e+08,1
3.5268e+08,2
3.5277e+08,3
3.5283e+08,4
3.5292e+08,5
3.5298e+08,6
3.5313e+08,7
3.5328e+08,8
3.5404e+08,7
3.5419e+08,6
3.5434e+08,5
3.544e+08,4
3.5449e+08,3
3.5455e+08,2
3.5464e+08,1
3.547e+08,0
3.5479e+08,-1
3.5485e+08,-2
3.5494e+08,-3
3.55e+08,-4
3.5509e+08,-5
3.5515e+08,-6
3.553e+08,-7
3.5545e+08,-8
3.5621e+08,-7
3.5636e+08,-6
3.5651e+08,-5
3.5657e+08,-4
3.5666e+08,-3
3.5672e+08,-2
3.5681e+08,-1
3.5687e+08,0
3.5696e+08,1
3.5702e+08,2
3.5711e+08,3
3.5717e+08,4
3.5726e+08,5
3.5732e+08,6
3.5747e+08,7
3.5762e+08,8
3.5838e+08,7
3.5853e+08,6
3.5868e+08,5
3.5874e+08,4
3.5883e+08,3
3.5889e+08,2
3.5898e+08,1
3.5904e+08,0
3.5913e+08,-1
3.5919e+08,-2
3.5928e+08,-3
3.5934e+08,-4
3.5943e+08,-5
3.5949e+08,-6
3.5964e+08,-7
3.5979e+08,-8
3.6055e+08,-7
3.607e+08,-6
3.6085e+08,-5
3.6091e+08,-4
3.61e+08,-3
3.6107e+08,-2
3.6115e+08,-1
3.6122e+08,0
3.613e+08,1
3.6137e+08,2
3.6145e+08,3
3.6152e+08,4
3.616e+08,5
3.6167e+08,6
3.6182e+08,7
3.6197e+08,8
3.6272e+08,7
3.6288e+08,6
3.6303e+08,5
3.6309e+08,4
3.6318e+08,3
3.6324e+08,2
3.6333e+08,1
3.6339e+08,0
3.6348e+08,-1
3.6354e+08,-2
3.6363e+08,-3
3.6369e+08,-4
3.6378e+08,-5
3.6384e+08,-6
3.6399e+08,-7
3.6414e+08,-8
3.649e+08,-7
3.6505e+08,-6
3.652e+08,-5
3.6526e+08,-4
3.6535e+08,-3
3.6541e+08,-2
3.655e+08,-1
3.6556e+08,0
3.6565e+08,1
3.6571e+08,2
3.658e+08,3
3.6586e+08,4
3.6595e+08,5
3.6601e+08,6
3.6616e+08,7
3.6631e+08,8
3.6707e+08,7
3.6722e+08,6
3.6737e+08,5
3.6743e+08,4
3.6752e+08,3
3.6758e+08,2
3.6767e+08,1
3.6773e+08,0
3.6782e+08,-1
3.6788e+08,-2
3.6797e+08,-3
3.6803e+08,-4
3.6812e+08,-5
3.6818e+08,-6
3.6833e+08,-7
3.6848e+08,-8
3.6924e+08,-7
3.6939e+08,-6
3.6954e+08,-5
3.696e+08,-4
3.6969e+08,-3
3.6975e+08,-2
3.6984e+08,-1
3.699e+08,0
3.6999e+08,1
3.7005e+08,2
3.7014e+08,3
3.702e+08,4
3.7029e+08,5
3.7035e+08,6
3.705e+08,7
3.7065e+08,8
3.7141e+08,7
3.7156e+08,6
3.7171e+08,5
3.7177e+08,4
3.7186e+08,3
3.7193e+08,2
3.7201e+08,1
3.7208e+08,0
3.7216e+08,-1
3.7223e+08,-2
3.7231e+08,-3
3.7238e+08,-4
3.7246e+08,-5
3.7253e+08,-6
3.7268e+08,-7
3.7283e+08,-8
3.7358e+08,-7
3.7374e+08,-6
3.7389e+08,-5
3.7395e+08,-4
3.7404e+08,-3
3.741e+08,-2
3.7419e+08,-1
3.7425e+08,0
3.7434e+08,1
3.744e+08,2
3.7449e+08,3
3.7455e+08,4
3.7464e+08,5
3.747e+08,6
3.7485e+08,7
3.75e+08,8
3.7576e+08,7
3.7591e+08,6
3.7606e+08,5
3.7612e+08,4
3.7621e+08,3
3.7627e+08,2
3.7636e+08,1
3.7642e+08,0
3.7651e+08,-1
3.7657e+08,-2
3.7666e+08,-3
3.7672e+08,-4
3.7681e+08,-5
3.7687e+08,-6
3.7702e+08,-7
3.7717e+08,-8
3.7793e+08,-7
3.7808e+08,-6
3.7823e+08,-5
3.7829e+08,-4
3.7838e+08,-3
3.7844e+08,-2
3.7853e+08,-1
3.7859e+08,0
3.7868e+08,1
3.7874e+08,2
3.7883e+08,3
3.7889e+08,4
3.7898e+08,5
3.7904e+08,6
3.7919e+08,7
3.7934e+08,8
3.801e+08,7
3.8025e+08,6
3.804e+08,5
3.8046e+08,4
3.8055e+08,3
3.8061e+08,2
3.807e+08,1
3.8076e+08,0
3.8085e+08,-1
3.8091e+08,-2
3.81e+08,-3
3.8106e+08,-4
3.8115e+08,-5
3.8121e+08,-6
3.8136e+08,-7
3.8151e+08,-8
3.8227e+08,-7
3.8242e+08,-6
3.8257e+08,-5
3.8263e+08,-4
3.8272e+08,-3
3.8279e+08,-2
3.8287e+08,-1
3.8294e+08,0
3.8302e+08,1
3.8309e+08,2
3.8317e+08,3
3.8324e+08,4
3.8332e+08,5
3.8339e+08,6
3.8354e+08,7
3.8369e+08,8
3.8444e+08,7
3.846e+08,6
3.8475e+08,5
3.8481e+08,4
3.849e+08,3
3.8496e+08,2
3.8505e+08,1
3.8511e+08,0
3.852e+08,-1
3.8526e+08,-2
3.8535e+08,-3
3.8541e+08,-4
3.855e+08,-5
3.8556e+08,-6
3.8571e+08,-7
3.8586e+08,-8
3.8662e+08,-7
3.8677e+08,-6
3.8692e+08,-5
3.8698e+08,-4
3.8707e+08,-3
3.8713e+08,-2
3.8722e+08,-1
3.8728e+08,0
3.8737e+08,1
3.8743e+08,2
3.8752e+08,3
3.8758e+08,4
3.8767e+08,5
3.8773e+08,6
3.8788e+08,7
3.8803e+08,8
3.8879e+08,7
3.8894e+08,6
3.8909e+08,5
3.8915e+08,4
3.8924e+08,3
3.893e+08,2
3.8939e+08,1
3.8945e+08,0
3.8954e+08,-1
3.896e+08,-2
3.8969e+08,-3
3.8975e+08,-4
3.8984e+08,-5
3.899e+08,-6
3.9005e+08,-7
3.902e+08,-8
3.9096e+08,-7
3.9111e+08,-6
3.9126e+08,-5
3.9132e+08,-4
3.9141e+08,-3
3.9147e+08,-2
3.9156e+08,-1
3.9162e+08,0
3.9171e+08,1
3.9177e+08,2
3.9186e+08,3
3.9192e+08,4
3.9201e+08,5
3.9207e+08,6
3.9222e+08,7
3.9237e+08,8
3.9313e+08,7
3.9328e+08,6
3.9343e+08,5
3.9349e+08,4
3.9358e+08,3
3.9365e+08,2
3.9373e+08,1
3.938e+08,0
3.9388e+08,-1
3.9395e+08,-2
3.9403e+08,-3
3.941e+08,-4
3.9418e+08,-5
3.9425e+08,-6
3.944e+08,-7
3.9455e+08,-8
3.953e+08,-7
3.9546e+08,-6
3.9561e+08,-5
3.9567e+08,-4
3.9576e+08,-3
3.9582e+08,-2
3.9591e+08,-1
3.9597e+08,0
3.9606e+08,1
3.9612e+08,2
3.9621e+08,3
3.9627e+08,4
3.9636e+08,5
3.9642e+08,6
3.9657e+08,7
3.9672e+08,8
3.9748e+08,7
3.9763e+08,6
3.9778e+08,5
3.9784e+08,4
3.9793e+08,3
3.9799e+08,2
3.9808e+08,1
3.9814e+08,0
3.9823e+08,-1
3.9829e+08,-2
3.9838e+08,-3
3.9844e+08,-4
3.9853e+08,-5
3.9859e+08,-6
3.9874e+08,-7
3.9889e+08,-8
3.9965e+08,-7
3.998e+08,-6
3.9995e+08,-5
4.0001e+08,-4
4.001e+08,-3
4.0016e+08,-2
4.0025e+08,-1
4.0031e+08,0
4.004e+08,1
4.0046e+08,2
4.0055e+08,3
4.0061e+08,4
4.007e+08,5
4.0076e+08,6
4.0091e+08,7
4.0106e+08,8
4.0182e+08,7
4.0197e+08,6
4.0212e+08,5
4.0218e+08,4
4.0227e+08,3
4.0233e+08,2
4.0242e+08,1
4.0248e+08,0
4.0257e+08,-1
4.0263e+08,-2
4.0272e+08,-3
4.0278e+08,-4
4.0287e+08,-5
4.0293e+08,-6
4.0308e+08,-7
4.0323e+08,-8
4.0399e+08,-7
4.0414e+08,-6
4.0429e+08,-5
4.0435e+08,-4
4.0444e+08,-3
4.0451e+08,-2
4.0459e+08,-1
4.0466e+08,0
4.0474e+08,1
4.0481e+08,2
4.0489e+08,3
4.0496e+08,4
4.0504e+08,5
4.0511e+08,6
4.0526e+08,7
4.0541e+08,8
4.0616e+08,7
4.0632e+08,6
4.0647e+08,5
4.0653e+08,4
4.0662e+08,3
4.0668e+08,2
4.0677e+08,1
4.0683e+08,0
4.0692e+08,-1
4.0698e+08,-2
4.0707e+08,-3
4.0713e+08,-4
4.0722e+08,-5
4.0728e+08,-6
4.0743e+08,-7
4.0758e+08,-8
4.0834e+08,-7
4.0849e+08,-6
4.0864e+08,-5
4.087e+08,-4
4.0879e+08,-3
4.0885e+08,-2
4.0894e+08,-1
4.09e+08,0
4.0909e+08,1
4.0915e+08,2
4.0924e+08,3
4.093e+08,4
4.0939e+08,5
4.0945e+08,6
4.096e+08,7
4.0975e+08,8
4.1051e+08,7
4.1066e+08,6
4.1081e+08,5
4.1087e+08,4
4.1096e+08,3
4.1102e+08,2
4.1111e+08,1
4.1117e+08,0
4.1126e+08,-1
4.1132e+08,-2
4.1141e+08,-3
4.1147e+08,-4
4.1156e+08,-5
4.1162e+08,-6
4.1177e+08,-7
4.1192e+08,-8
4.1268e+08,-7
4.1283e+08,-6
4.1298e+08,-5
4.1304e+08,-4
4.1313e+08,-3
4.1319e+08,-2
4.1328e+08,-1
4.1334e+08,0
4.1343e+08,1
4.1349e+08,2
4.1358e+08,3
4.1364e+08,4
4.1373e+08,5
4.1379e+08,6
4.1394e+08,7
4.1409e+08,8
4.1485e+08,7
4.15e+08,6
4.1515e+08,5
4.1521e+08,4
4.153e+08,3
4.1537e+08,2
4.1545e+08,1
4.1552e+08,0
4.156e+08,-1
4.1567e+08,-2
4.1575e+08,-3
4.1582e+08,-4
4.159e+08,-5
4.1597e+08,-6
4.1612e+08,-7
4.1627e+08,-8
4.1702e+08,-7
4.1718e+08,-6
4.1733e+08,-5
4.1739e+08,-4
4.1748e+08,-3
4.1754e+08,-2
4.1763e+08,-1
4.1769e+08,0
4.1778e+08,1
4.1784e+08,2
4.1793e+08,3
4.1799e+08,4
4.1808e+08,5
4.1814e+08,6
4.1829e+08,7
4.1844e+08,8
4.192e+08,7
4.1935e+08,6
4.195e+08,5
4.1956e+08,4
4.1965e+08,3
4.1971e+08,2
4.198e+08,1
4.1986e+08,0
4.1995e+08,-1
4.2001e+08,-2
4.201e+08,-3
4.2016e+08,-4
4.2025e+08,-5
4.2031e+08,-6
4.2046e+08,-7
4.2061e+08,-8
4.2137e+08,-7
4.2152e+08,-6
4.2167e+08,-5
4.2173e+08,-4
4.2182e+08,-3
4.2188e+08,-2
4.2197e+08,-1
4.2203e+08,0
4.2212e+08,1
4.2218e+08,2
4.2227e+08,3
4.2233e+08,4
4.2242e+08,5
4.2248e+08,6
4.2263e+08,7
4.2278e+08,8
4.2354e+08,7
4.2369e+08,6
4.2384e+08,5
4.239e+08,4
4.2399e+08,3
4.2405e+08,2
4.2414e+08,1
4.242e+08,0
4.2429e+08,-1
4.2435e+08,-2
4.2444e+08,-3
4.245e+08,-4
4.2459e+08,-5
4.2465e+08,-6
4.248e+08,-7
4.2495e+08,-8
4.2571e+08,-7
4.2586e+08,-6
4.2601e+08,-5
4.2607e+08,-4
4.2616e+08,-3
4.2623e+08,-2
4.2631e+08,-1
4.2638e+08,0
4.2646e+08,1
4.2653e+08,2
4.2661e+08,3
4.2668e+08,4
4.2676e+08,5
4.2683e+08,6
4.2698e+08,7
4.2713e+08,8
4.2788e+08,7
4.2804e+08,6
4.2819e+08,5
4.2825e+08,4
4.2834e+08,3
4.284e+08,2
4.2849e+08,1
4.2855e+08,0
4.2864e+08,-1
4.287e+08,-2
4.2879e+08,-3
4.2885e+08,-4
4.2894e+08,-5
4.29e+08,-6
4.2915e+08,-7
4.293e+08,-8
4.3006e+08,-7
4.3021e+08,-6
4.3036e+08,-5
4.3042e+08,-4
4.3051e+08,-3
4.3057e+08,-2
4.3066e+08,-1
4.3072e+08,0
4.3081e+08,1
4.3087e+08,2
4.3096e+08,3
4.3102e+08,4
4.3111e+08,5
4.3117e+08,6
4.3132e+08,7
4.3147e+08,8
4.3223e+08,7
4.3238e+08,6
4.3253e+08,5
4.3259e+08,4
4.3268e+08,3
4.3274e+08,2
4.3283e+08,1
4.3289e+08,0
4.3298e+08,-1
4.3304e+08,-2
4.3313e+08,-3
4.3319e+08,-4
4.3328e+08,-5
4.3334e+08,-6
4.3349e+08,-7
4.3364e+08,-8
4.344e+08,-7
4.3455e+08,-6
4.347e+08,-5
4.3476e+08,-4
4.3485e+08,-3
4.3491e+08,-2
4.35e+08,-1
4.3506e+08,0
4.3515e+08,1
4.3521e+08,2
4.353e+08,3
4.3536e+08,4
4.3545e+08,5
4.3551e+08,6
4.3566e+08,7
4.3581e+08,8
4.3657e+08,7
4.3672e+08,6
4.3687e+08,5
4.3693e+08,4
4.3702e+08,3
4.3709e+08,2
4.3717e+08,1
4.3724e+08,0
4.3732e+08,-1
4.3739e+08,-2
4.3747e+08,-3
4.3754e+08,-4
4.3762e+08,-5
4.3769e+08,-6
4.3784e+08,-7
4.3799e+08,-8
4.3874e+08,-7
4.389e+08,-6
4.3905e+08,-5
4.3911e+08,-4
4.392e+08,-3
4.3926e+08,-2
4.3935e+08,-1
4.3941e+08,0
4.395e+08,1
4.3956e+08,2
4.3965e+08,3
4.3971e+08,4
4.398e+08,5
4.3986e+08,6
4.4001e+08,7
4.4016e+08,8
4.4092e+08,7
4.4107e+08,6
4.4122e+08,5
4.4128e+08,4
4.4137e+08,3
4.4143e+08,2
4.4152e+08,1
4.4158e+08,0
4.4167e+08,-1
4.4173e+08,-2
4.4182e+08,-3
4.4188e+08,-4
4.4197e+08,-5
4.4203e+08,-6
4.4218e+08,-7
4.4233e+08,-8
4.4309e+08,-7
4.4324e+08,-6
4.4339e+08,-5
4.4345e+08,-4
4.4354e+08,-3
4.436e+08,-2
4.4369e+08,-1
4.4375e+08,0
4.4384e+08,1
4.439e+08,2
4.4399e+08,3
4.4405e+08,4
4.4414e+08,5
4.442e+08,6
4.4435e+08,7
4.445e+08,8
4.4526e+08,7
4.4541e+08,6
4.4556e+08,5
4.4562e+08,4
4.4571e+08,3
4.4577e+08,2
4.4586e+08,1
4.4592e+08,0
4.4601e+08,-1
4.4607e+08,-2
4.4616e+08,-3
4.4622e+08,-4
4.4631e+08,-5
4.4637e+08,-6
4.4652e+08,-7
4.4667e+08,-8
4.4743e+08,-7
4.4758e+08,-6
4.4773e+08,-5
4.4779e+08,-4
4.4788e+08,-3
4.4795e+08,-2
4.4803e+08,-1
4.481e+08,0
4.4818e+08,1
4.4825e+08,2
4.4833e+08,3
4.484e+08,4
4.4848e+08,5
4.4855e+08,6
4.487e+08,7
4.4885e+08,8
4.496e+08,7
4.4976e+08,6
4.4991e+08,5
4.4997e+08,4
4.5006e+08,3
4.5012e+08,2
4.5021e+08,1
4.5027e+08,0
4.5036e+08,-1
4.5042e+08,-2
4.5051e+08,-3
4.5057e+08,-4
4.5066e+08,-5
4.5072e+08,-6
4.5087e+08,-7
4.5102e+08,-8
4.5178e+08,-7
4.5193e+08,-6
4.5208e+08,-5
4.5214e+08,-4
4.5223e+08,-3
4.5229e+08,-2
4.5238e+08,-1
4.5244e+08,0
4.5253e+08,1
4.5259e+08,2
4.5268e+08,3
4.5274e+08,4
4.5283e+08,5
4.5289e+08,6
4.5304e+08,7
4.5319e+08,8
4.5395e+08,7
4.541e+08,6
4.5425e+08,5
4.5431e+08,4
4.544e+08,3
4.5446e+08,2
4.5455e+08,1
4.5461e+08,0
4.547e+08,-1
4.5476e+08,-2
4.5485e+08,-3
4.5491e+08,-4
4.55e+08,-5
4.5506e+08,-6
4.5521e+08,-7
4.5536e+08,-8
4.5612e+08,-7
4.5627e+08,-6
4.5642e+08,-5
4.5648e+08,-4
4.5657e+08,-3
4.5663e+08,-2
4.5672e+08,-1
4.5678e+08,0
4.5687e+08,1
4.5693e+08,2
4.5702e+08,3
4.5708e+08,4
4.5717e+08,5
4.5723e+08,6
4.5738e+08,7
4.5753e+08,8
4.5829e+08,7
4.5844e+08,6
4.5859e+08,5
4.5865e+08,4
4.5874e+08,3
4.5881e+08,2
4.5889e+08,1
4.5896e+08,0
4.5904e+08,-1
4.5911e+08,-2
4.5919e+08,-3
4.5926e+08,-4
4.5934e+08,-5
4.5941e+08,-6
4.5956e+08,-7
4.5971e+08,-8
4.6046e+08,-7
4.6062e+08,-6
4.6077e+08,-5
4.6083e+08,-4
4.6092e+08,-3
4.6098e+08,-2
4.6107e+08,-1
4.6113e+08,0
4.6122e+08,1
4.6128e+08,2
4.6137e+08,3
4.6143e+08,4
4.6152e+08,5
4.6158e+08,6
4.6173e+08,7
4.6188e+08,8
4.6264e+08,7
4.6279e+08,6
4.6294e+08,5
4.63e+08,4
4.6309e+08,3
4.6315e+08,2
4.6324e+08,1
4.633e+08,0
4.6339e+08,-1
4.6345e+08,-2
4.6354e+08,-3
4.636e+08,-4
4.6369e+08,-5
4.6375e+08,-6
4.639e+08,-7
4.6405e+08,-8
4.6481e+08,-7
4.6496e+08,-6
4.6511e+08,-5
4.6517e+08,-4
4.6526e+08,-3
4.6532e+08,-2
4.6541e+08,-1
4.6547e+08,0
4.6556e+08,1
4.6562e+08,2
4.6571e+08,3
4.6577e+08,4
4.6586e+08,5
4.6592e+08,6
4.6607e+08,7
4.6622e+08,8
4.6698e+08,7
4.6713e+08,6
4.6728e+08,5
4.6734e+08,4
4.6743e+08,3
4.6749e+08,2
4.6758e+08,1
4.6764e+08,0
4.6773e+08,-1
4.6779e+08,-2
4.6788e+08,-3
4.6794e+08,-4
4.6803e+08,-5
4.6809e+08,-6
4.6824e+08,-7
4.6839e+08,-8
4.6915e+08,-7
4.693e+08,-6
4.6945e+08,-5
4.6951e+08,-4
4.696e+08,-3
4.6967e+08,-2
4.6975e+08,-1
4.6982e+08,0
4.699e+08,1
4.6997e+08,2
4.7005e+08,3
4.7012e+08,4
4.702e+08,5
4.7027e+08,6
4.7042e+08,7
4.7057e+08,8
4.7132e+08,7
4.7148e+08,6
4.7163e+08,5
4.7169e+08,4
4.7178e+08,3
4.7184e+08,2
4.7193e+08,1
4.7199e+08,0
4.7208e+08,-1
4.7214e+08,-2
4.7223e+08,-3
4.7229e+08,-4
4.7238e+08,-5
4.7244e+08,-6
4.7259e+08,-7
4.7274e+08,-8
4.735e+08,-7
4.7365e+08,-6
4.738e+08,-5
4.7386e+08,-4
4.7395e+08,-3
4.7401e+08,-2
4.741e+08,-1
4.7416e+08,0
4.7425e+08,1
4.7431e+08,2
4.744e+08,3
4.7446e+08,4
4.7455e+08,5
4.7461e+08,6
4.7476e+08,7
4.7491e+08,8
4.7567e+08,7
4.7582e+08,6
4.7597e+08,5
4.7603e+08,4
4.7612e+08,3
4.7618e+08,2
4.7627e+08,1
4.7633e+08,0
4.7642e+08,-1
4.7648e+08,-2
4.7657e+08,-3
4.7663e+08,-4
4.7672e+08,-5
4.7678e+08,-6
4.7693e+08,-7
4.7708e+08,-8
4.7784e+08,-7
4.7799e+08,-6
4.7814e+08,-5
4.782e+08,-4
4.7829e+08,-3
4.7835e+08,-2
4.7844e+08,-1
4.785e+08,0
4.7859e+08,1
4.7865e+08,2
4.7874e+08,3
4.788e+08,4
4.7889e+08,5
4.7895e+08,6
4.791e+08,7
4.7925e+08,8
4.8001e+08,7
4.8016e+08,6
4.8031e+08,5
4.8037e+08,4
4.8046e+08,3
4.8053e+08,2
4.8061e+08,1
4.8068e+08,0
4.8076e+08,-1
4.8083e+08,-2
4.8091e+08,-3
4.8098e+08,-4
4.8106e+08,-5
4.8113e+08,-6
4.8128e+08,-7
4.8143e+08,-8
4.8218e+08,-7
4.8234e+08,-6
4.8249e+08,-5
4.8255e+08,-4
4.8264e+08,-3
4.827e+08,-2
4.8279e+08,-1
4.8285e+08,0
4.8294e+08,1
4.83e+08,2
4.8309e+08,3
4.8315e+08,4
4.8324e+08,5
4.833e+08,6
4.8345e+08,7
4.836e+08,8
4.8436e+08,7
4.8451e+08,6
4.8466e+08,5
4.8472e+08,4
4.8481e+08,3
4.8487e+08,2
4.8496e+08,1
4.8502e+08,0
4.8511e+08,-1
4.8517e+08,-2
4.8526e+08,-3
4.8532e+08,-4
4.8541e+08,-5
4.8547e+08,-6
4.8562e+08,-7
4.8577e+08,-8
4.8653e+08,-7
4.8668e+08,-6
4.8683e+08,-5
4.8689e+08,-4
4.8698e+08,-3
4.8704e+08,-2
4.8713e+08,-1
4.8719e+08,0
4.8728e+08,1
4.8734e+08,2
4.8743e+08,3
4.8749e+08,4
4.8758e+08,5
4.8764e+08,6
4.8779e+08,7
4.8794e+08,8
4.887e+08,7
4.8885e+08,6
4.89e+08,5
4.8906e+08,4
4.8915e+08,3
4.8921e+08,2
4.893e+08,1
4.8936e+08,0
4.8945e+08,-1
4.8951e+08,-2
4.896e+08,-3
4.8966e+08,-4
4.8975e+08,-5
4.8981e+08,-6
4.8996e+08,-7
4.9011e+08,-8
4.9087e+08,-7
4.9102e+08,-6
4.9117e+08,-5
4.9123e+08,-4
4.9132e+08,-3
4.9139e+08,-2
4.9147e+08,-1
4.9154e+08,0
4.9162e+08,1
4.9169e+08,2
4.9177e+08,3
4.9184e+08,4
4.9192e+08,5
4.9199e+08,6
4.9214e+08,7
4.9229e+08,8
4.9304e+08,7
4.932e+08,6
4.9335e+08,5
4.9341e+08,4
4.935e+08,3
4.9356e+08,2
4.9365e+08,1
4.9371e+08,0
4.938e+08,-1
4.9386e+08,-2
4.9395e+08,-3
4.9401e+08,-4
4.941e+08,-5
4.9416e+08,-6
4.9431e+08,-7
4.9446e+08,-8
4.9522e+08,-7
4.9537e+08,-6
4.9552e+08,-5
4.9558e+08,-4
4.9567e+08,-3
4.9573e+08,-2
4.9582e+08,-1
4.9588e+08,0
4.9597e+08,1
4.9603e+08,2
4.9612e+08,3
4.9618e+08,4
4.9627e+08,5
4.9633e+08,6
4.9648e+08,7
4.9663e+08,8
4.9739e+08,7
4.9754e+08,6
4.9769e+08,5
4.9775e+08,4
4.9784e+08,3
4.979e+08,2
4.9799e+08,1
4.9805e+08,0
4.9814e+08,-1
4.982e+08,-2
4.9829e+08,-3
4.9835e+08,-4
4.9844e+08,-5
4.985e+08,-6
4.9865e+08,-7
4.988e+08,-8
4.9956e+08,-7
4.9971e+08,-6
4.9986e+08,-5
4.9992e+08,-4
5.0001e+08,-3
5.0007e+08,-2
5.0016e+08,-1
5.0022e+08,0
5.0031e+08,1
5.0037e+08,2
5.0046e+08,3
5.0052e+08,4
5.0061e+08,5
5.0067e+08,6
5.0082e+08,7
5.0097e+08,8
5.0173e+08,7
5.0188e+08,6
5.0203e+08,5
5.0209e+08,4
5.0218e+08,3
5.0225e+08,2
5.0233e+08,1
5.024e+08,0
5.0248e+08,-1
5.0255e+08,-2
5.0263e+08,-3
5.027e+08,-4
5.0278e+08,-5
5.0285e+08,-6
5.03e+08,-7
5.0315e+08,-8
5.039e+08,-7
5.0406e+08,-6
5.0421e+08,-5
5.0427e+08,-4
5.0436e+08,-3
5.0442e+08,-2
5.0451e+08,-1
5.0457e+08,0
5.0466e+08,1
5.0472e+08,2
5.0481e+08,3
5.0487e+08,4
5.0496e+08,5
5.0502e+08,6
5.0517e+08,7
5.0532e+08,8
5.0608e+08,7
5.0623e+08,6
5.0638e+08,5
5.0644e+08,4
5.0653e+08,3
5.0659e+08,2
5.0668e+08,1
5.0674e+08,0
5.0683e+08,-1
5.0689e+08,-2
5.0698e+08,-3
5.0704e+08,-4
5.0713e+08,-5
5.0719e+08,-6
5.0734e+08,-7
5.0749e+08,-8
5.0825e+08,-7
5.084e+08,-6
5.0855e+08,-5
5.0861e+08,-4
5.087e+08,-3
5.0876e+08,-2
5.0885e+08,-1
5.0891e+08,0
5.09e+08,1
5.0906e+08,2
5.0915e+08,3
5.0921e+08,4
5.093e+08,5
5.0936e+08,6
5.0951e+08,7
5.0966e+08,8
5.1042e+08,7
5.1057e+08,6
5.1072e+08,5
5.1078e+08,4
5.1087e+08,3
5.1093e+08,2
5.1102e+08,1
5.1108e+08,0
5.1117e+08,-1
5.1123e+08,-2
5.1132e+08,-3
5.1138e+08,-4
5.1147e+08,-5
5.1153e+08,-6
5.1168e+08,-7
5.1183e+08,-8
5.1259e+08,-7
5.1274e+08,-6
5.1289e+08,-5
5.1295e+08,-4
5.1304e+08,-3
5.1311e+08,-2
5.1319e+08,-1
5.1326e+08,0
5.1334e+08,1
5.1341e+08,2
5.1349e+08,3
5.1356e+08,4
5.1364e+08,5
5.1371e+08,6
5.1386e+08,7
5.1401e+08,8
5.1476e+08,7
5.1492e+08,6
5.1507e+08,5
5.1513e+08,4
5.1522e+08,3
5.1528e+08,2
5.1537e+08,1
5.1543e+08,0
5.1552e+08,-1
5.1558e+08,-2
5.1567e+08,-3
5.1573e+08,-4
5.1582e+08,-5
5.1588e+08,-6
5.1603e+08,-7
5.1618e+08,-8
5.1694e+08,-7
5.1709e+08,-6
5.1724e+08,-5
5.173e+08,-4
5.1739e+08,-3
5.1745e+08,-2
5.1754e+08,-1
5.176e+08,0
5.1769e+08,1
5.1775e+08,2
5.1784e+08,3
5.179e+08,4
5.1799e+08,5
5.1805e+08,6
5.182e+08,7
5.1835e+08,8
5.1911e+08,7
5.1926e+08,6
5.1941e+08,5
5.1947e+08,4
5.1956e+08,3
5.1962e+08,2
5.1971e+08,1
5.1977e+08,0
5.1986e+08,-1
5.1992e+08,-2
5.2001e+08,-3
5.2007e+08,-4
5.2016e+08,-5
5.2022e+08,-6
5.2037e+08,-7
5.2052e+08,-8
5.2128e+08,-7
5.2143e+08,-6
5.2158e+08,-5
5.2164e+08,-4
5.2173e+08,-3
5.2179e+08,-2
5.2188e+08,-1
5.2194e+08,0
5.2203e+08,1
5.2209e+08,2
5.2218e+08,3
5.2224e+08,4
5.2233e+08,5
5.2239e+08,6
5.2254e+08,7
5.2269e+08,8
5.2345e+08,7
5.236e+08,6
5.2375e+08,5
5.2381e+08,4
5.239e+08,3
5.2397e+08,2
5.2405e+08,1
5.2412e+08,0
5.242e+08,-1
5.2427e+08,-2
5.2435e+08,-3
5.2442e+08,-4
5.245e+08,-5
5.2457e+08,-6
5.2472e+08,-7
5.2487e+08,-8
5.2562e+08,-7
5.2578e+08,-6
5.2593e+08,-5
5.2599e+08,-4
5.2608e+08,-3
5.2614e+08,-2
5.2623e+08,-1
5.2629e+08,0
5.2638e+08,1
5.2644e+08,2
5.2653e+08,3
5.2659e+08,4
5.2668e+08,5
5.2674e+08,6
5.2689e+08,7
5.2704e+08,8
5.278e+08,7
5.2795e+08,6
5.281e+08,5
5.2816e+08,4
5.2825e+08,3
5.2831e+08,2
5.284e+08,1
5.2846e+08,0
5.2855e+08,-1
5.2861e+08,-2
5.287e+08,-3
5.2876e+08,-4
5.2885e+08,-5
5.2891e+08,-6
5.2906e+08,-7
5.2921e+08,-8
5.2997e+08,-7
5.3012e+08,-6
5.3027e+08,-5
5.3033e+08,-4
5.3042e+08,-3
5.3048e+08,-2
5.3057e+08,-1
5.3063e+08,0
5.3072e+08,1
5.3078e+08,2
5.3087e+08,3
5.3093e+08,4
5.3102e+08,5
5.3108e+08,6
5.3123e+08,7
5.3138e+08,8
5.3214e+08,7
5.3229e+08,6
5.3244e+08,5
5.325e+08,4
5.3259e+08,3
5.3265e+08,2
5.3274e+08,1
5.328e+08,0
5.3289e+08,-1
5.3295e+08,-2
5.3304e+08,-3
5.331e+08,-4
5.3319e+08,-5
5.3325e+08,-6
5.334e+08,-7
5.3355e+08,-8
5.3431e+08,-7
5.3446e+08,-6
5.3461e+08,-5
5.3467e+08,-4
5.3476e+08,-3
5.3483e+08,-2
5.3491e+08,-1
5.3498e+08,0
5.3506e+08,1
5.3513e+08,2
5.3521e+08,3
5.3528e+08,4
5.3536e+08,5
5.3543e+08,6
5.3558e+08,7
5.3573e+08,8
5.3648e+08,7
5.3664e+08,6
5.3679e+08,5
5.3685e+08,4
5.3694e+08,3
5.37e+08,2
5.3709e+08,1
5.3715e+08,0
5.3724e+08,-1
5.373e+08,-2
5.3739e+08,-3
5.3745e+08,-4
5.3754e+08,-5
5.376e+08,-6
5.3775e+08,-7
5.379e+08,-8
5.3866e+08,-7
5.3881e+08,-6
5.3896e+08,-5
5.3902e+08,-4
5.3911e+08,-3
5.3917e+08,-2
5.3926e+08,-1
5.3932e+08,0
5.3941e+08,1
5.3947e+08,2
5.3956e+08,3
5.3962e+08,4
5.3971e+08,5
5.3977e+08,6
5.3992e+08,7
5.4007e+08,8
5.4083e+08,7
5.4098e+08,6
5.4113e+08,5
5.4119e+08,4
5.4128e+08,3
5.4134e+08,2
5.4143e+08,1
5.4149e+08,0
5.4158e+08,-1
5.4164e+08,-2
5.4173e+08,-3
5.4179e+08,-4
5.4188e+08,-5
5.4194e+08,-6
5.4209e+08,-7
5.4224e+08,-8
5.43e+08,-7
5.4315e+08,-6
5.433e+08,-5
5.4336e+08,-4
5.4345e+08,-3
5.4351e+08,-2
5.436e+08,-1
5.4366e+08,0
5.4375e+08,1
5.4381e+08,2
5.439e+08,3
5.4396e+08,4
5.4405e+08,5
5.4411e+08,6
5.4426e+08,7
5.4441e+08,8
5.4517e+08,7
5.4532e+08,6
5.4547e+08,5
5.4553e+08,4
5.4562e+08,3
5.4569e+08,2
5.4577e+08,1
5.4584e+08,0
5.4592e+08,-1
5.4599e+08,-2
5.4607e+08,-3
5.4614e+08,-4
5.4622e+08,-5
5.4629e+08,-6
5.4644e+08,-7
5.4659e+08,-8
5.4734e+08,-7
5.475e+08,-6
5.4765e+08,-5
5.4771e+08,-4
5.478e+08,-3
5.4786e+08,-2
5.4795e+08,-1
5.4801e+08,0
5.481e+08,1
5.4816e+08,2
5.4825e+08,3
5.4831e+08,4
5.484e+08,5
5.4846e+08,6
5.4861e+08,7
5.4876e+08,8
5.4952e+08,7
5.4967e+08,6
5.4982e+08,5
5.4988e+08,4
5.4997e+08,3
5.5003e+08,2
5.5012e+08,1
5.5018e+08,0
5.5027e+08,-1
5.5033e+08,-2
5.5042e+08,-3
5.5048e+08,-4
5.5057e+08,-5
5.5063e+08,-6
5.5078e+08,-7
5.5093e+08,-8
5.5169e+08,-7
5.5184e+08,-6
5.5199e+08,-5
5.5205e+08,-4
5.5214e+08,-3
5.522e+08,-2
5.5229e+08,-1
5.5235e+08,0
5.5244e+08,1
5.525e+08,2
5.5259e+08,3
5.5265e+08,4
5.5274e+08,5
5.528e+08,6
5.5295e+08,7
5.531e+08,8
5.5386e+08,7
5.5401e+08,6
5.5416e+08,5
5.5422e+08,4
5.5431e+08,3
5.5437e+08,2
5.5446e+08,1
5.5452e+08,0
5.5461e+08,-1
5.5467e+08,-2
5.5476e+08,-3
5.5482e+08,-4
5.5491e+08,-5
5.5497e+08,-6
5.5512e+08,-7
5.5527e+08,-8
5.5603e+08,-7
5.5618e+08,-6
5.5633e+08,-5
5.5639e+08,-4
5.5648e+08,-3
5.5655e+08,-2
5.5663e+08,-1
5.567e+08,0
5.5678e+08,1
5.5685e+08,2
5.5693e+08,3
5.57e+08,4
5.5708e+08,5
5.5715e+08,6
5.573e+08,7
5.5745e+08,8
5.582e+08,7
5.5836e+08,6
5.5851e+08,5
5.5857e+08,4
5.5866e+08,3
5.5872e+08,2
5.5881e+08,1
5.5887e+08,0
5.5896e+08,-1
5.5902e+08,-2
5.5911e+08,-3
5.5917e+08,-4
5.5926e+08,-5
5.5932e+08,-6
5.5947e+08,-7
5.5962e+08,-8
5.6038e+08,-7
5.6053e+08,-6
5.6068e+08,-5
5.6074e+08,-4
5.6083e+08,-3
5.6089e+08,-2
5.6098e+08,-1
5.6104e+08,0
5.6113e+08,1
5.6119e+08,2
5.6128e+08,3
5.6134e+08,4
5.6143e+08,5
5.6149e+08,6
5.6164e+08,7
5.6179e+08,8
5.6255e+08,7
5.627e+08,6
5.6285e+08,5
5.6291e+08,4
5.63e+08,3
5.6306e+08,2
5.6315e+08,1
5.6321e+08,0
5.633e+08,-1
5.6336e+08,-2
5.6345e+08,-3
5.6351e+08,-4
5.636e+08,-5
5.6366e+08,-6
5.6381e+08,-7
5.6396e+08,-8
5.6472e+08,-7
5.6487e+08,-6
5.6502e+08,-5
5.6508e+08,-4
5.6517e+08,-3
5.6523e+08,-2
5.6532e+08,-1
5.6538e+08,0
5.6547e+08,1
5.6553e+08,2
5.6562e+08,3
5.6568e+08,4
5.6577e+08,5
5.6583e+08,6
5.6598e+08,7
5.6613e+08,8
5.6689e+08,7
5.6704e+08,6
5.6719e+08,5
5.6725e+08,4
5.6734e+08,3
5.6741e+08,2
5.6749e+08,1
5.6756e+08,0
5.6764e+08,-1
5.6771e+08,-2
5.6779e+08,-3
5.6786e+08,-4
5.6794e+08,-5
5.6801e+08,-6
5.6816e+08,-7
5.6831e+08,-8
5.6906e+08,-7
5.6922e+08,-6
5.6937e+08,-5
5.6943e+08,-4
5.6952e+08,-3
5.6958e+08,-2
5.6967e+08,-1
5.6973e+08,0
5.6982e+08,1
5.6988e+08,2
5.6997e+08,3
5.7003e+08,4
5.7012e+08,5
5.7018e+08,6
5.7033e+08,7
5.7048e+08,8
5.7124e+08,7
5.7139e+08,6
5.7154e+08,5
5.716e+08,4
5.7169e+08,3
5.7175e+08,2
5.7184e+08,1
5.719e+08,0
5.7199e+08,-1
5.7205e+08,-2
5.7214e+08,-3
5.722e+08,-4
5.7229e+08,-5
5.7235e+08,-6
5.725e+08,-7
5.7265e+08,-8
5.7341e+08,-7
5.7356e+08,-6
5.7371e+08,-5
5.7377e+08,-4
5.7386e+08,-3
5.7392e+08,-2
5.7401e+08,-1
5.7407e+08,0
5.7416e+08,1
5.7422e+08,2
5.7431e+08,3
5.7437e+08,4
5.7446e+08,5
5.7452e+08,6
5.7467e+08,7
5.7482e+08,8
5.7558e+08,7
5.7573e+08,6
5.7588e+08,5
5.7594e+08,4
5.7603e+08,3
5.7609e+08,2
5.7618e+08,1
5.7624e+08,0
5.7633e+08,-1
5.7639e+08,-2
5.7648e+08,-3
5.7654e+08,-4
5.7663e+08,-5
5.7669e+08,-6
5.7684e+08,-7
5.7699e+08,-8
5.7775e+08,-7
5.779e+08,-6
5.7805e+08,-5
5.7811e+08,-4
5.782e+08,-3
5.7827e+08,-2
5.7835e+08,-1
5.7842e+08,0
5.785e+08,1
5.7857e+08,2
5.7865e+08,3
5.7872e+08,4
5.788e+08,5
5.7887e+08,6
5.7902e+08,7
5.7917e+08,8
5.7992e+08,7
5.8008e+08,6
5.8023e+08,5
5.8029e+08,4
5.8038e+08,3
5.8044e+08,2
5.8053e+08,1
5.8059e+08,0
5.8068e+08,-1
5.8074e+08,-2
5.8083e+08,-3
5.8089e+08,-4
5.8098e+08,-5
5.8104e+08,-6
5.8119e+08,-7
5.8134e+08,-8
5.821e+08,-7
5.8225e+08,-6
5.824e+08,-5
5.8246e+08,-4
5.8255e+08,-3
5.8261e+08,-2
5.827e+08,-1
5.8276e+08,0
5.8285e+08,1
5.8291e+08,2
5.83e+08,3
5.8306e+08,4
5.8315e+08,5
5.8321e+08,6
5.8336e+08,7
5.8351e+08,8
5.8427e+08,7
5.8442e+08,6
5.8457e+08,5
5.8463e+08,4
5.8472e+08,3
5.8478e+08,2
5.8487e+08,1
5.8493e+08,0
5.8502e+08,-1
5.8508e+08,-2
5.8517e+08,-3
5.8523e+08,-4
5.8532e+08,-5
5.8538e+08,-6
5.8553e+08,-7
5.8568e+08,-8
5.8644e+08,-7
5.8659e+08,-6
5.8674e+08,-5
5.868e+08,-4
5.8689e+08,-3
5.8695e+08,-2
5.8704e+08,-1
5.871e+08,0
5.8719e+08,1
5.8725e+08,2
5.8734e+08,3
5.874e+08,4
5.8749e+08,5
5.8755e+08,6
5.877e+08,7
5.8785e+08,8
5.8861e+08,7
5.8876e+08,6
5.8891e+08,5
5.8897e+08,4
5.8906e+08,3
5.8913e+08,2
5.8921e+08,1
5.8928e+08,0
5.8936e+08,-1
5.8943e+08,-2
5.8951e+08,-3
5.8958e+08,-4
5.8966e+08,-5
5.8973e+08,-6
5.8988e+08,-7
5.9003e+08,-8
5.9078e+08,-7
5.9094e+08,-6
5.9109e+08,-5
5.9115e+08,-4
5.9124e+08,-3
5.913e+08,-2
5.9139e+08,-1
5.9145e+08,0
5.9154e+08,1
5.916e+08,2
5.9169e+08,3
5.9175e+08,4
5.9184e+08,5
5.919e+08,6
5.9205e+08,7
5.922e+08,8
5.9296e+08,7
5.9311e+08,6
5.9326e+08,5
5.9332e+08,4
5.9341e+08,3
5.9347e+08,2
5.9356e+08,1
5.9362e+08,0
5.9371e+08,-1
5.9377e+08,-2
5.9386e+08,-3
5.9392e+08,-4
5.9401e+08,-5
5.9407e+08,-6
5.9422e+08,-7
5.9437e+08,-8
5.9513e+08,-7
5.9528e+08,-6
5.9543e+08,-5
5.9549e+08,-4
5.9558e+08,-3
5.9564e+08,-2
5.9573e+08,-1
5.9579e+08,0
5.9588e+08,1
5.9594e+08,2
5.9603e+08,3
5.9609e+08,4
5.9618e+08,5
5.9624e+08,6
5.9639e+08,7
5.9654e+08,8
5.973e+08,7
5.9745e+08,6
5.976e+08,5
5.9766e+08,4
5.9775e+08,3
5.9781e+08,2
5.979e+08,1
5.9796e+08,0
5.9805e+08,-1
5.9811e+08,-2
5.982e+08,-3
5.9826e+08,-4
5.9835e+08,-5
5.9841e+08,-6
5.9856e+08,-7
5.9871e+08,-8
5.9947e+08,-7
5.9962e+08,-6
5.9977e+08,-5
5.9983e+08,-4
5.9992e+08,-3
5.9999e+08,-2
6.0007e+08,-1
6.0014e+08,0
6.0022e+08,1
6.0029e+08,2
6.0037e+08,3
6.0044e+08,4
6.0052e+08,5
6.0059e+08,6
6.0074e+08,7
6.0089e+08,8
6.0164e+08,7
6.018e+08,6
6.0195e+08,5
6.0201e+08,4
6.021e+08,3
6.0216e+08,2
6.0225e+08,1
6.0231e+08,0
6.024e+08,-1
6.0246e+08,-2
6.0255e+08,-3
6.0261e+08,-4
6.027e+08,-5
6.0276e+08,-6
6.0291e+08,-7
6.0306e+08,-8
6.0382e+08,-7
6.0397e+08,-6
6.0412e+08,-5
6.0418e+08,-4
6.0427e+08,-3
6.0433e+08,-2
6.0442e+08,-1
6.0448e+08,0
6.0457e+08,1
6.0463e+08,2
6.0472e+08,3
6.0478e+08,4
6.0487e+08,5
6.0493e+08,6
6.0508e+08,7
6.0523e+08,8
6.0599e+08,7
6.0614e+08,6
6.0629e+08,5
6.0635e+08,4
6.0644e+08,3
6.065e+08,2
6.0659e+08,1
6.0665e+08,0
6.0674e+08,-1
6.068e+08,-2
6.0689e+08,-3
6.0695e+08,-4
6.0704e+08,-5
6.071e+08,-6
6.0725e+08,-7
6.074e+08,-8
6.0816e+08,-7
6.0831e+08,-6
6.0846e+08,-5
6.0852e+08,-4
6.0861e+08,-3
6.0867e+08,-2
6.0876e+08,-1
6.0882e+08,0
6.0891e+08,1
6.0897e+08,2
6.0906e+08,3
6.0912e+08,4
6.0921e+08,5
6.0927e+08,6
6.0942e+08,7
6.0957e+08,8
6.1033e+08,7
6.1048e+08,6
6.1063e+08,5
6.1069e+08,4
6.1078e+08,3
6.1085e+08,2
6.1093e+08,1
6.11e+08,0
6.1108e+08,-1
6.1115e+08,-2
6.1123e+08,-3
6.113e+08,-4
6.1138e+08,-5
6.1145e+08,-6
6.116e+08,-7
6.1175e+08,-8
6.125e+08,-7
6.1266e+08,-6
6.1281e+08,-5
6.1287e+08,-4
6.1296e+08,-3
6.1302e+08,-2
6.1311e+08,-1
6.1317e+08,0
6.1326e+08,1
6.1332e+08,2
6.1341e+08,3
6.1347e+08,4
6.1356e+08,5
6.1362e+08,6
6.1377e+08,7
6.1392e+08,8
6.1468e+08,7
6.1483e+08,6
6.1498e+08,5
6.1504e+08,4
6.1513e+08,3
6.1519e+08,2
6.1528e+08,1
6.1534e+08,0
6.1543e+08,-1
6.1549e+08,-2
6.1558e+08,-3
6.1564e+08,-4
6.1573e+08,-5
6.1579e+08,-6
6.1594e+08,-7
6.1609e+08,-8
6.1685e+08,-7
6.17e+08,-6
6.1715e+08,-5
6.1721e+08,-4
6.173e+08,-3
6.1736e+08,-2
6.1745e+08,-1
6.1751e+08,0
6.176e+08,1
6.1766e+08,2
6.1775e+08,3
6.1781e+08,4
6.179e+08,5
6.1796e+08,6
6.1811e+08,7
6.1826e+08,8
6.1902e+08,7
6.1917e+08,6
6.1932e+08,5
6.1938e+08,4
6.1947e+08,3
6.1953e+08,2
6.1962e+08,1
6.1968e+08,0
6.1977e+08,-1
6.1983e+08,-2
6.1992e+08,-3
6.1998e+08,-4
6.2007e+08,-5
6.2013e+08,-6
6.2028e+08,-7
6.2043e+08,-8
6.2119e+08,-7
6.2134e+08,-6
6.2149e+08,-5
6.2155e+08,-4
6.2164e+08,-3
6.2171e+08,-2
6.2179e+08,-1
6.2186e+08,0
6.2194e+08,1
6.2201e+08,2
6.2209e+08,3
6.2216e+08,4
6.2224e+08,5
6.2231e+08,6
6.2246e+08,7
6.2261e+08,8
6.2336e+08,7
6.2352e+08,6
6.2367e+08,5
6.2373e+08,4
6.2382e+08,3
6.2388e+08,2
6.2397e+08,1
6.2403e+08,0
6.2412e+08,-1
6.2418e+08,-2
6.2427e+08,-3
6.2433e+08,-4
6.2442e+08,-5
6.2448e+08,-6
6.2463e+08,-7
6.2478e+08,-8
6.2554e+08,-7
6.2569e+08,-6
6.2584e+08,-5
6.259e+08,-4
6.2599e+08,-3
6.2605e+08,-2
6.2614e+08,-1
6.262e+08,0
6.2629e+08,1
6.2635e+08,2
6.2644e+08,3
6.265e+08,4
6.2659e+08,5
6.2665e+08,6
6.268e+08,7
6.2695e+08,8
6.2771e+08,7
6.2786e+08,6
6.2801e+08,5
6.2807e+08,4
6.2816e+08,3
6.2822e+08,2
6.2831e+08,1
6.2837e+08,0
6.2846e+08,-1
6.2852e+08,-2
6.2861e+08,-3
6.2867e+08,-4
6.2876e+08,-5
6.2882e+08,-6
6.2897e+08,-7
6.2912e+08,-8
6.2988e+08,-7
6.3003e+08,-6
6.3018e+08,-5
6.3024e+08,-4
6.3033e+08,-3
6.3039e+08,-2
6.3048e+08,-1
6.3054e+08,0
6.3063e+08,1
6.3069e+08,2
6.3078e+08,3
6.3084e+08,4
6.3093e+08,5
6.3099e+08,6
6.3114e+08,7
6.3129e+08,8
6.3205e+08,7
6.322e+08,6
6.3235e+08,5
6.3241e+08,4
6.325e+08,3
6.3257e+08,2
6.3265e+08,1
6.3272e+08,0
6.328e+08,-1
6.3287e+08,-2
6.3295e+08,-3
6.3302e+08,-4
6.331e+08,-5
6.3317e+08,-6
6.3332e+08,-7
6.3347e+08,-8
6.3422e+08,-7
6.3438e+08,-6
6.3453e+08,-5
6.3459e+08,-4
6.3468e+08,-3
6.3474e+08,-2
6.3483e+08,-1
6.3489e+08,0
6.3498e+08,1
6.3504e+08,2
6.3513e+08,3
6.3519e+08,4
6.3528e+08,5
6.3534e+08,6
6.3549e+08,7
6.3564e+08,8
6.364e+08,7
6.3655e+08,6
6.367e+08,5
6.3676e+08,4
6.3685e+08,3
6.3691e+08,2
6.37e+08,1
6.3706e+08,0
6.3715e+08,-1
6.3721e+08,-2
6.373e+08,-3
6.3736e+08,-4
6.3745e+08,-5
6.3751e+08,-6
6.3766e+08,-7
6.3781e+08,-8
6.3857e+08,-7
6.3872e+08,-6
6.3887e+08,-5
6.3893e+08,-4
6.3902e+08,-3
6.3908e+08,-2
6.3917e+08,-1
6.3923e+08,0
6.3932e+08,1
6.3938e+08,2
6.3947e+08,3
6.3953e+08,4
6.3962e+08,5
6.3968e+08,6
6.3983e+08,7
6.3998e+08,8
6.4074e+08,7
6.4089e+08,6
6.4104e+08,5
6.411e+08,4
6.4119e+08,3
6.4125e+08,2
6.4134e+08,1
6.414e+08,0
6.4149e+08,-1
6.4155e+08,-2
6.4164e+08,-3
6.417e+08,-4
6.4179e+08,-5
6.4185e+08,-6
6.42e+08,-7
6.4215e+08,-8
6.4291e+08,-7
6.4306e+08,-6
6.4321e+08,-5
6.4327e+08,-4
6.4336e+08,-3
6.4343e+08,-2
6.4351e+08,-1
6.4358e+08,0
6.4366e+08,1
6.4373e+08,2
6.4381e+08,3
6.4388e+08,4
6.4396e+08,5
6.4403e+08,6
6.4418e+08,7
6.4433e+08,8
6.4508e+08,7
6.4524e+08,6
6.4539e+08,5
6.4545e+08,4
6.4554e+08,3
6.456e+08,2
6.4569e+08,1
6.4575e+08,0
6.4584e+08,-1
6.459e+08,-2
6.4599e+08,-3
6.4605e+08,-4
6.4614e+08,-5
6.462e+08,-6
6.4635e+08,-7
6.465e+08,-8
6.4726e+08,-7
6.4741e+08,-6
6.4756e+08,-5
6.4762e+08,-4
6.4771e+08,-3
6.4777e+08,-2
6.4786e+08,-1
6.4792e+08,0
6.4801e+08,1
6.4807e+08,2
6.4816e+08,3
6.4822e+08,4
6.4831e+08,5
6.4837e+08,6
6.4852e+08,7
6.4867e+08,8
6.4943e+08,7
6.4958e+08,6
6.4973e+08,5
6.4979e+08,4
6.4988e+08,3
6.4994e+08,2
6.5003e+08,1
6.5009e+08,0
6.5018e+08,-1
6.5024e+08,-2
6.5033e+08,-3
6.5039e+08,-4
6.5048e+08,-5
6.5054e+08,-6
6.5069e+08,-7
6.5084e+08,-8
6.516e+08,-7
6.5175e+08,-6
6.519e+08,-5
6.5196e+08,-4
6.5205e+08,-3
6.5211e+08,-2
6.522e+08,-1
6.5226e+08,0
6.5235e+08,1
6.5241e+08,2
6.525e+08,3
6.5256e+08,4
6.5265e+08,5
6.5271e+08,6
6.5286e+08,7
6.5301e+08,8
6.5377e+08,7
6.5392e+08,6
6.5407e+08,5
6.5413e+08,4
6.5422e+08,3
6.5429e+08,2
6.5437e+08,1
6.5444e+08,0
6.5452e+08,-1
6.5459e+08,-2
6.5467e+08,-3
6.5474e+08,-4
6.5482e+08,-5
6.5489e+08,-6
6.5504e+08,-7
6.5519e+08,-8
6.5594e+08,-7
6.561e+08,-6
6.5625e+08,-5
6.5631e+08,-4
6.564e+08,-3
6.5646e+08,-2
6.5655e+08,-1
6.5661e+08,0
6.567e+08,1
6.5676e+08,2
6.5685e+08,3
6.5691e+08,4
6.57e+08,5
6.5706e+08,6
6.5721e+08,7
6.5736e+08,8
6.5812e+08,7
6.5827e+08,6
6.5842e+08,5
6.5848e+08,4
6.5857e+08,3
6.5863e+08,2
6.5872e+08,1
6.5878e+08,0
6.5887e+08,-1
6.5893e+08,-2
6.5902e+08,-3
6.5908e+08,-4
6.5917e+08,-5
6.5923e+08,-6
6.5938e+08,-7
6.5953e+08,-8
6.6029e+08,-7
6.6044e+08,-6
6.6059e+08,-5
6.6065e+08,-4
6.6074e+08,-3
6.608e+08,-2
6.6089e+08,-1
6.6095e+08,0
6.6104e+08,1
6.611e+08,2
6.6119e+08,3
6.6125e+08,4
6.6134e+08,5
6.614e+08,6
6.6155e+08,7
6.617e+08,8
6.6246e+08,7
6.6261e+08,6
6.6276e+08,5
6.6282e+08,4
6.6291e+08,3
6.6297e+08,2
6.6306e+08,1
6.6312e+08,0
6.6321e+08,-1
6.6327e+08,-2
6.6336e+08,-3
6.6342e+08,-4
6.6351e+08,-5
6.6357e+08,-6
6.6372e+08,-7
6.6387e+08,-8
6.6463e+08,-7
6.6478e+08,-6
6.6493e+08,-5
6.6499e+08,-4
6.6508e+08,-3
6.6515e+08,-2
6.6523e+08,-1
6.653e+08,0
6.6538e+08,1
6.6545e+08,2
6.6553e+08,3
6.656e+08,4
6.6568e+08,5
6.6575e+08,6
6.659e+08,7
6.6605e+08,8
6.668e+08,7
6.6696e+08,6
6.6711e+08,5
6.6717e+08,4
6.6726e+08,3
6.6732e+08,2
6.6741e+08,1
6.6747e+08,0
6.6756e+08,-1
6.6762e+08,-2
6.6771e+08,-3
6.6777e+08,-4
6.6786e+08,-5
6.6792e+08,-6
6.6807e+08,-7
6.6822e+08,-8
6.6898e+08,-7
6.6913e+08,-6
6.6928e+08,-5
6.6934e+08,-4
6.6943e+08,-3
6.6949e+08,-2
6.6958e+08,-1
6.6964e+08,0
6.6973e+08,1
6.6979e+08,2
6.6988e+08,3
6.6994e+08,4
6.7003e+08,5
6.7009e+08,6
6.7024e+08,7
6.7039e+08,8
6.7115e+08,7
6.713e+08,6
6.7145e+08,5
6.7151e+08,4
6.716e+08,3
6.7166e+08,2
6.7175e+08,1
6.7181e+08,0
6.719e+08,-1
6.7196e+08,-2
6.7205e+08,-3
6.7211e+08,-4
6.722e+08,-5
6.7226e+08,-6
6.7241e+08,-7
6.7256e+08,-8
6.7332e+08,-7
6.7347e+08,-6
6.7362e+08,-5
6.7368e+08,-4
6.7377e+08,-3
6.7383e+08,-2
6.7392e+08,-1
6.7398e+08,0
6.7407e+08,1
6.7413e+08,2
6.7422e+08,3
6.7428e+08,4
6.7437e+08,5
6.7443e+08,6
6.7458e+08,7
6.7473e+08,8
6.7549e+08,7
6.7564e+08,6
6.7579e+08,5
6.7585e+08,4
6.7594e+08,3
6.7601e+08,2
6.7609e+08,1
6.7616e+08,0
6.7624e+08,-1
6.7631e+08,-2
6.7639e+08,-3
6.7646e+08,-4
6.7654e+08,-5
6.7661e+08,-6
6.7676e+08,-7
6.7691e+08,-8
6.7766e+08,-7
6.7782e+08,-6
6.7797e+08,-5
6.7803e+08,-4
6.7812e+08,-3
6.7818e+08,-2
6.7827e+08,-1
6.7833e+08,0
6.7842e+08,1
6.7848e+08,2
6.7857e+08,3
6.7863e+08,4
6.7872e+08,5
6.7878e+08,6
6.7893e+08,7
6.7908e+08,8
6.7984e+08,7
6.7999e+08,6
6.8014e+08,5
6.802e+08,4
6.8029e+08,3
6.8035e+08,2
6.8044e+08,1
6.805e+08,0
6.8059e+08,-1
6.8065e+08,-2
6.8074e+08,-3
6.808e+08,-4
6.8089e+08,-5
6.8095e+08,-6
6.811e+08,-7
6.8125e+08,-8
6.8201e+08,-7
6.8216e+08,-6
6.8231e+08,-5
6.8237e+08,-4
6.8246e+08,-3
6.8252e+08,-2
6.8261e+08,-1
6.8267e+08,0
6.8276e+08,1
6.8282e+08,2
6.8291e+08,3
6.8297e+08,4
6.8306e+08,5
6.8312e+08,6
6.8327e+08,7
6.8342e+08,8
6.8418e+08,7
6.8433e+08,6
6.8448e+08,5
6.8454e+08,4
6.8463e+08,3
6.8469e+08,2
6.8478e+08,1
6.8484e+08,0
6.8493e+08,-1
6.8499e+08,-2
6.8508e+08,-3
6.8514e+08,-4
6.8523e+08,-5
6.8529e+08,-6
6.8544e+08,-7
6.8559e+08,-8
6.8635e+08,-7
6.865e+08,-6
6.8665e+08,-5
6.8671e+08,-4
6.868e+08,-3
6.8687e+08,-2
6.8695e+08,-1
6.8702e+08,0
6.871e+08,1
6.8717e+08,2
6.8725e+08,3
6.8732e+08,4
6.874e+08,5
6.8747e+08,6
6.8762e+08,7
6.8777e+08,8
6.8852e+08,7
6.8868e+08,6
6.8883e+08,5
6.8889e+08,4
6.8898e+08,3
6.8904e+08,2
6.8913e+08,1
6.8919e+08,0
6.8928e+08,-1
6.8934e+08,-2
6.8943e+08,-3
6.8949e+08,-4
6.8958e+08,-5
6.8964e+08,-6
6.8979e+08,-7
6.8994e+08,-8
6.907e+08,-7
6.9085e+08,-6
6.91e+08,-5
6.9106e+08,-4
6.9115e+08,-3
6.9121e+08,-2
6.913e+08,-1
6.9136e+08,0
6.9145e+08,1
6.9151e+08,2
6.916e+08,3
6.9166e+08,4
6.9175e+08,5
6.9181e+08,6
6.9196e+08,7
6.9211e+08,8
6.9287e+08,7
6.9302e+08,6
6.9317e+08,5
6.9323e+08,4
6.9332e+08,3
6.9338e+08,2
6.9347e+08,1
6.9353e+08,0
6.9362e+08,-1
6.9368e+08,-2
6.9377e+08,-3
6.9383e+08,-4
6.9392e+08,-5
6.9398e+08,-6
6.9413e+08,-7
6.9428e+08,-8
6.9504e+08,-7
6.9519e+08,-6
6.9534e+08,-5
6.954e+08,-4
6.9549e+08,-3
6.9555e+08,-2
6.9564e+08,-1
6.957e+08,0
6.9579e+08,1
6.9585e+08,2
6.9594e+08,3
6.96e+08,4
6.9609e+08,5
6.9615e+08,6
6.963e+08,7
6.9645e+08,8
6.9721e+08,7
6.9736e+08,6
6.9751e+08,5
6.9757e+08,4
6.9766e+08,3
6.9773e+08,2
6.9781e+08,1
6.9788e+08,0
6.9796e+08,-1
6.9803e+08,-2
6.9811e+08,-3
6.9818e+08,-4
6.9826e+08,-5
6.9833e+08,-6
6.9848e+08,-7
6.9863e+08,-8
6.9938e+08,-7
6.9954e+08,-6
6.9969e+08,-5
6.9975e+08,-4
6.9984e+08,-3
6.999e+08,-2
6.9999e+08,-1
7.0005e+08,0
7.0014e+08,1
7.002e+08,2
7.0029e+08,3
7.0035e+08,4
7.0044e+08,5
7.005e+08,6
7.0065e+08,7
7.008e+08,8
7.0156e+08,7
7.0171e+08,6
7.0186e+08,5
7.0192e+08,4
7.0201e+08,3
7.0207e+08,2
7.0216e+08,1
7.0222e+08,0
7.0231e+08,-1
7.0237e+08,-2
7.0246e+08,-3
7.0252e+08,-4
7.0261e+08,-5
7.0267e+08,-6
7.0282e+08,-7
7.0297e+08,-8
7.0373e+08,-7
7.0388e+08,-6
7.0403e+08,-5
7.0409e+08,-4
7.0418e+08,-3
7.0424e+08,-2
7.0433e+08,-1
7.0439e+08,0
7.0448e+08,1
7.0454e+08,2
7.0463e+08,3
7.0469e+08,4
7.0478e+08,5
7.0484e+08,6
7.0499e+08,7
7.0514e+08,8
7.059e+08,7
7.0605e+08,6
7.062e+08,5
7.0626e+08,4
7.0635e+08,3
7.0641e+08,2
7.065e+08,1
7.0656e+08,0
7.0665e+08,-1
7.0671e+08,-2
7.068e+08,-3
7.0686e+08,-4
7.0695e+08,-5
7.0701e+08,-6
7.0716e+08,-7
7.0731e+08,-8
7.0807e+08,-7
7.0822e+08,-6
7.0837e+08,-5
7.0843e+08,-4
7.0852e+08,-3
7.0859e+08,-2
7.0867e+08,-1
7.0874e+08,0
7.0882e+08,1
7.0889e+08,2
7.0897e+08,3
7.0904e+08,4
7.0912e+08,5
7.0919e+08,6
7.0934e+08,7
7.0949e+08,8
7.1024e+08,7
7.104e+08,6
7.1055e+08,5
7.1061e+08,4
7.107e+08,3
7.1076e+08,2
7.1085e+08,1
7.1091e+08,0
7.11e+08,-1
7.1106e+08,-2
7.1115e+08,-3
7.1121e+08,-4
7.113e+08,-5
7.1136e+08,-6
7.1151e+08,-7
7.1166e+08,-8
7.1242e+08,-7
7.1257e+08,-6
7.1272e+08,-5
7.1278e+08,-4
7.1287e+08,-3
7.1293e+08,-2
7.1302e+08,-1
7.1308e+08,0
7.1317e+08,1
7.1323e+08,2
7.1332e+08,3
7.1338e+08,4
7.1347e+08,5
7.1353e+08,6
7.1368e+08,7
7.1383e+08,8
7.1459e+08,7
7.1474e+08,6
7.1489e+08,5
7.1495e+08,4
7.1504e+08,3
7.151e+08,2
7.1519e+08,1
7.1525e+08,0
7.1534e+08,-1
7.154e+08,-2
7.1549e+08,-3
7.1555e+08,-4
7.1564e+08,-5
7.157e+08,-6
7.1585e+08,-7
7.16e+08,-8
7.1676e+08,-7
7.1691e+08,-6
7.1706e+08,-5
7.1712e+08,-4
7.1721e+08,-3
7.1727e+08,-2
7.1736e+08,-1
7.1742e+08,0
7.1751e+08,1
7.1757e+08,2
7.1766e+08,3
7.1772e+08,4
7.1781e+08,5
7.1787e+08,6
7.1802e+08,7
7.1817e+08,8
7.1893e+08,7
7.1908e+08,6
7.1923e+08,5
7.1929e+08,4
7.1938e+08,3
7.1945e+08,2
7.1953e+08,1
7.196e+08,0
7.1968e+08,-1
7.1975e+08,-2
7.1983e+08,-3
7.199e+08,-4
7.1998e+08,-5
7.2005e+08,-6
7.202e+08,-7
7.2035e+08,-8
7.211e+08,-7
7.2126e+08,-6
7.2141e+08,-5
7.2147e+08,-4
7.2156e+08,-3
7.2162e+08,-2
7.2171e+08,-1
7.2177e+08,0
7.2186e+08,1
7.2192e+08,2
7.2201e+08,3
7.2207e+08,4
7.2216e+08,5
7.2222e+08,6
7.2237e+08,7
7.2252e+08,8
7.2328e+08,7
7.2343e+08,6
7.2358e+08,5
7.2364e+08,4
7.2373e+08,3
7.2379e+08,2
7.2388e+08,1
7.2394e+08,0
7.2403e+08,-1
7.2409e+08,-2
7.2418e+08,-3
7.2424e+08,-4
7.2433e+08,-5
7.2439e+08,-6
7.2454e+08,-7
7.2469e+08,-8
7.2545e+08,-7
7.256e+08,-6
7.2575e+08,-5
7.2581e+08,-4
7.259e+08,-3
7.2596e+08,-2
7.2605e+08,-1
7.2611e+08,0
7.262e+08,1
7.2626e+08,2
7.2635e+08,3
7.2641e+08,4
7.265e+08,5
7.2656e+08,6
7.2671e+08,7
7.2686e+08,8
7.2762e+08,7
7.2777e+08,6
7.2792e+08,5
7.2798e+08,4
7.2807e+08,3
7.2813e+08,2
7.2822e+08,1
7.2828e+08,0
7.2837e+08,-1
7.2843e+08,-2
7.2852e+08,-3
7.2858e+08,-4
7.2867e+08,-5
7.2873e+08,-6
7.2888e+08,-7
7.2903e+08,-8
7.2979e+08,-7
7.2994e+08,-6
7.3009e+08,-5
7.3015e+08,-4
7.3024e+08,-3
7.3031e+08,-2
7.3039e+08,-1
7.3046e+08,0
7.3054e+08,1
7.3061e+08,2
7.3069e+08,3
7.3076e+08,4
7.3084e+08,5
7.3091e+08,6
7.3106e+08,7
7.3121e+08,8
7.3196e+08,7
7.3212e+08,6
7.3227e+08,5
7.3233e+08,4
7.3242e+08,3
7.3248e+08,2
7.3257e+08,1
7.3263e+08,0
7.3272e+08,-1
7.3278e+08,-2
7.3287e+08,-3
7.3293e+08,-4
7.3302e+08,-5
7.3308e+08,-6
7.3323e+08,-7
7.3338e+08,-8
7.3414e+08,-7
7.3429e+08,-6
7.3444e+08,-5
7.345e+08,-4
7.3459e+08,-3
7.3465e+08,-2
7.3474e+08,-1
7.348e+08,0
7.3489e+08,1
7.3495e+08,2
7.3504e+08,3
7.351e+08,4
7.3519e+08,5
7.3525e+08,6
7.354e+08,7
7.3555e+08,8
7.3631e+08,7
7.3646e+08,6
7.3661e+08,5
7.3667e+08,4
7.3676e+08,3
7.3682e+08,2
7.3691e+08,1
7.3697e+08,0
7.3706e+08,-1
7.3712e+08,-2
7.3721e+08,-3
7.3727e+08,-4
7.3736e+08,-5
7.3742e+08,-6
7.3757e+08,-7
7.3772e+08,-8
7.3848e+08,-7
7.3863e+08,-6
7.3878e+08,-5
7.3884e+08,-4
7.3893e+08,-3
7.3899e+08,-2
7.3908e+08,-1
7.3914e+08,0
7.3923e+08,1
7.3929e+08,2
7.3938e+08,3
7.3944e+08,4
7.3953e+08,5
7.3959e+08,6
7.3974e+08,7
7.3989e+08,8
7.4065e+08,7
7.408e+08,6
7.4095e+08,5
7.4101e+08,4
7.411e+08,3
7.4117e+08,2
7.4125e+08,1
7.4132e+08,0
7.414e+08,-1
7.4147e+08,-2
7.4155e+08,-3
7.4162e+08,-4
7.417e+08,-5
7.4177e+08,-6
7.4192e+08,-7
7.4207e+08,-8
7.4282e+08,-7
7.4298e+08,-6
7.4313e+08,-5
7.4319e+08,-4
7.4328e+08,-3
7.4334e+08,-2
7.4343e+08,-1
7.4349e+08,0
7.4358e+08,1
7.4364e+08,2
7.4373e+08,3
7.4379e+08,4
7.4388e+08,5
7.4394e+08,6
7.4409e+08,7
7.4424e+08,8
7.45e+08,7
7.4515e+08,6
7.453e+08,5
7.4536e+08,4
7.4545e+08,3
7.4551e+08,2
7.456e+08,1
7.4566e+08,0
7.4575e+08,-1
7.4581e+08,-2
7.459e+08,-3
7.4596e+08,-4
7.4605e+08,-5
7.4611e+08,-6
7.4626e+08,-7
7.4641e+08,-8
7.4717e+08,-7
7.4732e+08,-6
7.4747e+08,-5
7.4753e+08,-4
7.4762e+08,-3
7.4768e+08,-2
7.4777e+08,-1
7.4783e+08,0
7.4792e+08,1
7.4798e+08,2
7.4807e+08,3
7.4813e+08,4
7.4822e+08,5
7.4828e+08,6
7.4843e+08,7
7.4858e+08,8
7.4934e+08,7
7.4949e+08,6
7.4964e+08,5
7.497e+08,4
7.4979e+08,3
7.4985e+08,2
7.4994e+08,1
7.5e+08,0
7.5009e+08,-1
7.5015e+08,-2
7.5024e+08,-3
7.503e+08,-4
7.5039e+08,-5
7.5045e+08,-6
7.506e+08,-7
7.5075e+08,-8
7.5151e+08,-7
7.5166e+08,-6
7.5181e+08,-5
7.5187e+08,-4
7.5196e+08,-3
7.5203e+08,-2
7.5211e+08,-1
7.5218e+08,0
7.5226e+08,1
7.5233e+08,2
7.5241e+08,3
7.5248e+08,4
7.5256e+08,5
7.5263e+08,6
7.5278e+08,7
7.5293e+08,8
7.5368e+08,7
7.5384e+08,6
7.5399e+08,5
7.5405e+08,4
7.5414e+08,3
7.542e+08,2
7.5429e+08,1
7.5435e+08,0
7.5444e+08,-1
7.545e+08,-2
7.5459e+08,-3
7.5465e+08,-4
7.5474e+08,-5
7.548e+08,-6
7.5495e+08,-7
7.551e+08,-8
7.5586e+08,-7
7.5601e+08,-6
7.5616e+08,-5
7.5622e+08,-4
7.5631e+08,-3
7.5637e+08,-2
7.5646e+08,-1
7.5652e+08,0
7.5661e+08,1
7.5667e+08,2
7.5676e+08,3
7.5682e+08,4
7.5691e+08,5
7.5697e+08,6
7.5712e+08,7
7.5727e+08,8
7.5803e+08,7
7.5818e+08,6
7.5833e+08,5
7.5839e+08,4
7.5848e+08,3
7.5854e+08,2
7.5863e+08,1
7.5869e+08,0
7.5878e+08,-1
7.5884e+08,-2
7.5893e+08,-3
7.5899e+08,-4
7.5908e+08,-5
7.5914e+08,-6
7.5929e+08,-7
7.5944e+08,-8
7.602e+08,-7
7.6035e+08,-6
7.605e+08,-5
7.6056e+08,-4
7.6065e+08,-3
7.6071e+08,-2
7.608e+08,-1
7.6086e+08,0
7.6095e+08,1
7.6101e+08,2
7.611e+08,3
7.6116e+08,4
7.6125e+08,5
7.6131e+08,6
7.6146e+08,7
7.6161e+08,8
7.6237e+08,7
7.6252e+08,6
7.6267e+08,5
7.6273e+08,4
7.6282e+08,3
7.6289e+08,2
7.6297e+08,1
7.6304e+08,0
7.6312e+08,-1
7.6319e+08,-2
7.6327e+08,-3
7.6334e+08,-4
7.6342e+08,-5
7.6349e+08,-6
7.6364e+08,-7
7.6379e+08,-8
7.6454e+08,-7
7.647e+08,-6
7.6485e+08,-5
7.6491e+08,-4
7.65e+08,-3
7.6506e+08,-2
7.6515e+08,-1
7.6521e+08,0
7.653e+08,1
7.6536e+08,2
7.6545e+08,3
7.6551e+08,4
7.656e+08,5
7.6566e+08,6
7.6581e+08,7
7.6596e+08,8
7.6672e+08,7
7.6687e+08,6
7.6702e+08,5
7.6708e+08,4
7.6717e+08,3
7.6723e+08,2
7.6732e+08,1
7.6738e+08,0
7.6747e+08,-1
7.6753e+08,-2
7.6762e+08,-3
7.6768e+08,-4
7.6777e+08,-5
7.6783e+08,-6
7.6798e+08,-7
7.6813e+08,-8
7.6889e+08,-7
7.6904e+08,-6
7.6919e+08,-5
7.6925e+08,-4
7.6934e+08,-3
7.694e+08,-2
7.6949e+08,-1
7.6955e+08,0
7.6964e+08,1
7.697e+08,2
7.6979e+08,3
7.6985e+08,4
7.6994e+08,5
7.7e+08,6
7.7015e+08,7
7.703e+08,8
7.7106e+08,7
7.7121e+08,6
7.7136e+08,5
7.7142e+08,4
7.7151e+08,3
7.7157e+08,2
7.7166e+08,1
7.7172e+08,0
7.7181e+08,-1
7.7187e+08,-2
7.7196e+08,-3
7.7202e+08,-4
7.7211e+08,-5
7.7217e+08,-6
7.7232e+08,-7
7.7247e+08,-8
7.7323e+08,-7
7.7338e+08,-6
7.7353e+08,-5
7.7359e+08,-4
7.7368e+08,-3
7.7375e+08,-2
7.7383e+08,-1
7.739e+08,0
7.7398e+08,1
7.7405e+08,2
7.7413e+08,3
7.742e+08,4
7.7428e+08,5
7.7435e+08,6
7.745e+08,7
7.7465e+08,8
7.754e+08,7
7.7556e+08,6
7.7571e+08,5
7.7577e+08,4
7.7586e+08,3
7.7592e+08,2
7.7601e+08,1
7.7607e+08,0
7.7616e+08,-1
7.7622e+08,-2
7.7631e+08,-3
7.7637e+08,-4
7.7646e+08,-5
7.7652e+08,-6
7.7667e+08,-7
7.7682e+08,-8
7.7758e+08,-7
7.7773e+08,-6
7.7788e+08,-5
7.7794e+08,-4
7.7803e+08,-3
7.7809e+08,-2
7.7818e+08,-1
7.7824e+08,0
7.7833e+08,1
7.7839e+08,2
7.7848e+08,3
7.7854e+08,4
7.7863e+08,5
7.7869e+08,6
7.7884e+08,7
7.7899e+08,8
7.7975e+08,7
7.799e+08,6
7.8005e+08,5
7.8011e+08,4
7.802e+08,3
7.8026e+08,2
7.8035e+08,1
7.8041e+08,0
7.805e+08,-1
7.8056e+08,-2
7.8065e+08,-3
7.8071e+08,-4
7.808e+08,-5
7.8086e+08,-6
7.8101e+08,-7
7.8116e+08,-8
7.8192e+08,-7
7.8207e+08,-6
7.8222e+08,-5
7.8228e+08,-4
7.8237e+08,-3
7.8243e+08,-2
7.8252e+08,-1
7.8258e+08,0
7.8267e+08,1
7.8273e+08,2
7.8282e+08,3
7.8288e+08,4
7.8297e+08,5
7.8303e+08,6
7.8318e+08,7
7.8333e+08,8
7.8409e+08,7
7.8424e+08,6
7.8439e+08,5
7.8445e+08,4
7.8454e+08,3
7.8461e+08,2
7.8469e+08,1
7.8476e+08,0
7.8484e+08,-1
7.8491e+08,-2
7.8499e+08,-3
7.8506e+08,-4
7.8514e+08,-5
7.8521e+08,-6
7.8536e+08,-7
7.8551e+08,-8
7.8626e+08,-7
7.8642e+08,-6
7.8657e+08,-5
7.8663e+08,-4
7.8672e+08,-3
7.8678e+08,-2
7.8687e+08,-1
7.8693e+08,0
7.8702e+08,1
7.8708e+08,2
7.8717e+08,3
7.8723e+08,4
7.8732e+08,5
7.8738e+08,6
7.8753e+08,7
7.8768e+08,8
7.8844e+08,7
7.8859e+08,6
7.8874e+08,5
7.888e+08,4
7.8889e+08,3
7.8895e+08,2
7.8904e+08,1
7.891e+08,0
7.8919e+08,-1
7.8925e+08,-2
7.8934e+08,-3
7.894e+08,-4
7.8949e+08,-5
7.8955e+08,-6
7.897e+08,-7
7.8985e+08,-8
7.9061e+08,-7
7.9076e+08,-6
7.9091e+08,-5
7.9097e+08,-4
7.9106e+08,-3
7.9112e+08,-2
7.9121e+08,-1
7.9127e+08,0
7.9136e+08,1
7.9142e+08,2
7.9151e+08,3
7.9157e+08,4
7.9166e+08,5
7.9172e+08,6
7.9187e+08,7
7.9202e+08,8
7.9278e+08,7
7.9293e+08,6
7.9308e+08,5
7.9314e+08,4
7.9323e+08,3
7.9329e+08,2
7.9338e+08,1
7.9344e+08,0
7.9353e+08,-1
7.9359e+08,-2
7.9368e+08,-3
7.9374e+08,-4
7.9383e+08,-5
7.9389e+08,-6
7.9404e+08,-7
7.9419e+08,-8
7.9495e+08,-7
7.951e+08,-6
7.9525e+08,-5
7.9531e+08,-4
7.954e+08,-3
7.9547e+08,-2
7.9555e+08,-1
7.9562e+08,0
7.957e+08,1
7.9577e+08,2
7.9585e+08,3
7.9592e+08,4
7.96e+08,5
7.9607e+08,6
7.9622e+08,7
7.9637e+08,8
7.9712e+08,7
7.9728e+08,6
7.9743e+08,5
7.9749e+08,4
7.9758e+08,3
7.9764e+08,2
7.9773e+08,1
7.9779e+08,0
7.9788e+08,-1
7.9794e+08,-2
7.9803e+08,-3
7.9809e+08,-4
7.9818e+08,-5
7.9824e+08,-6
7.9839e+08,-7
7.9854e+08,-8
7.993e+08,-7
7.9945e+08,-6
7.996e+08,-5
7.9966e+08,-4
7.9975e+08,-3
7.9981e+08,-2
7.999e+08,-1
7.9996e+08,0
8.0005e+08,1
8.0011e+08,2
8.002e+08,3
8.0026e+08,4
8.0035e+08,5
8.0041e+08,6
8.0056e+08,7
8.0071e+08,8
8.0147e+08,7
8.0162e+08,6
8.0177e+08,5
8.0183e+08,4
8.0192e+08,3
8.0198e+08,2
8.0207e+08,1
8.0213e+08,0
8.0222e+08,-1
8.0228e+08,-2
8.0237e+08,-3
8.0243e+08,-4
8.0252e+08,-5
8.0258e+08,-6
8.0273e+08,-7
8.0288e+08,-8
8.0364e+08,-7
8.0379e+08,-6
8.0394e+08,-5
8.04e+08,-4
8.0409e+08,-3
8.0415e+08,-2
8.0424e+08,-1
8.043e+08,0
8.0439e+08,1
8.0445e+08,2
8.0454e+08,3
8.046e+08,4
8.0469e+08,5
8.0475e+08,6
8.049e+08,7
8.0505e+08,8
8.0581e+08,7
8.0596e+08,6
8.0611e+08,5
8.0617e+08,4
8.0626e+08,3
8.0633e+08,2
8.0641e+08,1
8.0648e+08,0
8.0656e+08,-1
8.0663e+08,-2
8.0671e+08,-3
8.0678e+08,-4
8.0686e+08,-5
8.0693e+08,-6
8.0708e+08,-7
8.0723e+08,-8
8.0798e+08,-7
8.0814e+08,-6
8.0829e+08,-5
8.0835e+08,-4
8.0844e+08,-3
8.085e+08,-2
8.0859e+08,-1
8.0865e+08,0
8.0874e+08,1
8.088e+08,2
8.0889e+08,3
8.0895e+08,4
8.0904e+08,5
8.091e+08,6
8.0925e+08,7
8.094e+08,8
8.1016e+08,7
8.1031e+08,6
8.1046e+08,5
8.1052e+08,4
8.1061e+08,3
8.1067e+08,2
8.1076e+08,1
8.1082e+08,0
8.1091e+08,-1
8.1097e+08,-2
8.1106e+08,-3
8.1112e+08,-4
8.1121e+08,-5
8.1127e+08,-6
8.1142e+08,-7
8.1157e+08,-8
8.1233e+08,-7
8.1248e+08,-6
8.1263e+08,-5
8.1269e+08,-4
8.1278e+08,-3
8.1284e+08,-2
8.1293e+08,-1
8.1299e+08,0
8.1308e+08,1
8.1314e+08,2
8.1323e+08,3
8.1329e+08,4
8.1338e+08,5
8.1344e+08,6
8.1359e+08,7
8.1374e+08,8
8.145e+08,7
8.1465e+08,6
8.148e+08,5
8.1486e+08,4
8.1495e+08,3
8.1501e+08,2
8.151e+08,1
8.1516e+08,0
8.1525e+08,-1
8.1531e+08,-2
8.154e+08,-3
8.1546e+08,-4
8.1555e+08,-5
8.1561e+08,-6
8.1576e+08,-7
8.1591e+08,-8
8.1667e+08,-7
8.1682e+08,-6
8.1697e+08,-5
8.1703e+08,-4
8.1712e+08,-3
8.1719e+08,-2
8.1727e+08,-1
8.1734e+08,0
8.1742e+08,1
8.1749e+08,2
8.1757e+08,3
8.1764e+08,4
8.1772e+08,5
8.1779e+08,6
8.1794e+08,7
8.1809e+08,8
8.1884e+08,7
8.19e+08,6
8.1915e+08,5
8.1921e+08,4
8.193e+08,3
8.1936e+08,2
8.1945e+08,1
8.1951e+08,0
8.196e+08,-1
8.1966e+08,-2
8.1975e+08,-3
8.1981e+08,-4
8.199e+08,-5
8.1996e+08,-6
8.2011e+08,-7
8.2026e+08,-8
8.2102e+08,-7
8.2117e+08,-6
8.2132e+08,-5
8.2138e+08,-4
8.2147e+08,-3
8.2153e+08,-2
8.2162e+08,-1
8.2168e+08,0
8.2177e+08,1
8.2183e+08,2
8.2192e+08,3
8.2198e+08,4
8.2207e+08,5
8.2213e+08,6
8.2228e+08,7
8.2243e+08,8
8.2319e+08,7
8.2334e+08,6
8.2349e+08,5
8.2355e+08,4
8.2364e+08,3
8.237e+08,2
8.2379e+08,1
8.2385e+08,0
8.2394e+08,-1
8.24e+08,-2
8.2409e+08,-3
8.2415e+08,-4
8.2424e+08,-5
8.243e+08,-6
8.2445e+08,-7
8.246e+08,-8
8.2536e+08,-7
8.2551e+08,-6
8.2566e+08,-5
8.2572e+08,-4
8.2581e+08,-3
8.2587e+08,-2
8.2596e+08,-1
8.2602e+08,0
8.2611e+08,1
8.2617e+08,2
8.2626e+08,3
8.2632e+08,4
8.2641e+08,5
8.2647e+08,6
8.2662e+08,7
8.2677e+08,8
8.2753e+08,7
8.2768e+08,6
8.2783e+08,5
8.2789e+08,4
8.2798e+08,3
8.2805e+08,2
8.2813e+08,1
8.282e+08,0
8.2828e+08,-1
8.2835e+08,-2
8.2843e+08,-3
8.285e+08,-4
8.2858e+08,-5
8.2865e+08,-6
8.288e+08,-7
8.2895e+08,-8
8.297e+08,-7
8.2986e+08,-6
8.3001e+08,-5
8.3007e+08,-4
8.3016e+08,-3
8.3022e+08,-2
8.3031e+08,-1
8.3037e+08,0
8.3046e+08,1
8.3052e+08,2
8.3061e+08,3
8.3067e+08,4
8.3076e+08,5
8.3082e+08,6
8.3097e+08,7
8.3112e+08,8
8.3188e+08,7
8.3203e+08,6
8.3218e+08,5
8.3224e+08,4
8.3233e+08,3
8.3239e+08,2
8.3248e+08,1
8.3254e+08,0
8.3263e+08,-1
8.3269e+08,-2
8.3278e+08,-3
8.3284e+08,-4
8.3293e+08,-5
8.3299e+08,-6
8.3314e+08,-7
8.3329e+08,-8
8.3405e+08,-7
8.342e+08,-6
8.3435e+08,-5
8.3441e+08,-4
8.345e+08,-3
8.3456e+08,-2
8.3465e+08,-1
8.3471e+08,0
8.348e+08,1
8.3486e+08,2
8.3495e+08,3
8.3501e+08,4
8.351e+08,5
8.3516e+08,6
8.3531e+08,7
8.3546e+08,8
8.3622e+08,7
8.3637e+08,6
8.3652e+08,5
8.3658e+08,4
8.3667e+08,3
8.3673e+08,2
8.3682e+08,1
8.3688e+08,0
8.3697e+08,-1
8.3703e+08,-2
8.3712e+08,-3
8.3718e+08,-4
8.3727e+08,-5
8.3733e+08,-6
8.3748e+08,-7
8.3763e+08,-8
8.3839e+08,-7
8.3854e+08,-6
8.3869e+08,-5
8.3875e+08,-4
8.3884e+08,-3
8.3891e+08,-2
8.3899e+08,-1
8.3906e+08,0
8.3914e+08,1
8.3921e+08,2
8.3929e+08,3
8.3936e+08,4
8.3944e+08,5
8.3951e+08,6
8.3966e+08,7
8.3981e+08,8
8.4056e+08,7
8.4072e+08,6
8.4087e+08,5
8.4093e+08,4
8.4102e+08,3
8.4108e+08,2
8.4117e+08,1
8.4123e+08,0
8.4132e+08,-1
8.4138e+08,-2
8.4147e+08,-3
8.4153e+08,-4
8.4162e+08,-5
8.4168e+08,-6
8.4183e+08,-7
8.4198e+08,-8
8.4274e+08,-7
8.4289e+08,-6
8.4304e+08,-5
8.431e+08,-4
8.4319e+08,-3
8.4325e+08,-2
8.4334e+08,-1
8.434e+08,0
8.4349e+08,1
8.4355e+08,2
8.4364e+08,3
8.437e+08,4
8.4379e+08,5
8.4385e+08,6
8.44e+08,7
8.4415e+08,8
8.4491e+08,7
8.4506e+08,6
8.4521e+08,5
8.4527e+08,4
8.4536e+08,3
8.4542e+08,2
8.4551e+08,1
8.4557e+08,0
8.4566e+08,-1
8.4572e+08,-2
8.4581e+08,-3
8.4587e+08,-4
8.4596e+08,-5
8.4602e+08,-6
8.4617e+08,-7
8.4632e+08,-8
8.4708e+08,-7
8.4723e+08,-6
8.4738e+08,-5
8.4744e+08,-4
8.4753e+08,-3
8.4759e+08,-2
8.4768e+08,-1
8.4774e+08,0
8.4783e+08,1
8.4789e+08,2
8.4798e+08,3
8.4804e+08,4
8.4813e+08,5
8.4819e+08,6
8.4834e+08,7
8.4849e+08,8
8.4925e+08,7
8.494e+08,6
8.4955e+08,5
8.4961e+08,4
8.497e+08,3
8.4977e+08,2
8.4985e+08,1
8.4992e+08,0
8.5e+08,-1
8.5007e+08,-2
8.5015e+08,-3
8.5022e+08,-4
8.503e+08,-5
8.5037e+08,-6
8.5052e+08,-7
8.5067e+08,-8
8.5142e+08,-7
8.5158e+08,-6
8.5173e+08,-5
8.5179e+08,-4
8.5188e+08,-3
8.5194e+08,-2
8.5203e+08,-1
8.5209e+08,0
8.5218e+08,1
8.5224e+08,2
8.5233e+08,3
8.5239e+08,4
8.5248e+08,5
8.5254e+08,6
8.5269e+08,7
8.5284e+08,8
8.536e+08,7
8.5375e+08,6
8.539e+08,5
8.5396e+08,4
8.5405e+08,3
8.5411e+08,2
8.542e+08,1
8.5426e+08,0
8.5435e+08,-1
8.5441e+08,-2
8.545e+08,-3
8.5456e+08,-4
8.5465e+08,-5
8.5471e+08,-6
8.5486e+08,-7
8.5501e+08,-8
8.5577e+08,-7
8.5592e+08,-6
8.5607e+08,-5
8.5613e+08,-4
8.5622e+08,-3
8.5628e+08,-2
8.5637e+08,-1
8.5643e+08,0
8.5652e+08,1
8.5658e+08,2
8.5667e+08,3
8.5673e+08,4
8.5682e+08,5
8.5688e+08,6
8.5703e+08,7
8.5718e+08,8
8.5794e+08,7
8.5809e+08,6
8.5824e+08,5
8.583e+08,4
8.5839e+08,3
8.5845e+08,2
8.5854e+08,1
8.586e+08,0
8.5869e+08,-1
8.5875e+08,-2
8.5884e+08,-3
8.589e+08,-4
8.5899e+08,-5
8.5905e+08,-6
8.592e+08,-7
8.5935e+08,-8
8.6011e+08,-7
8.6026e+08,-6
8.6041e+08,-5
8.6047e+08,-4
8.6056e+08,-3
8.6063e+08,-2
8.6071e+08,-1
8.6078e+08,0
8.6086e+08,1
8.6093e+08,2
8.6101e+08,3
8.6108e+08,4
8.6116e+08,5
8.6123e+08,6
8.6138e+08,7
8.6153e+08,8
8.6228e+08,7
8.6244e+08,6
8.6259e+08,5
8.6265e+08,4
8.6274e+08,3
8.628e+08,2
8.6289e+08,1
8.6295e+08,0
8.6304e+08,-1
8.631e+08,-2
8.6319e+08,-3
8.6325e+08,-4
8.6334e+08,-5
8.634e+08,-6
8.6355e+08,-7
8.637e+08,-8
8.6446e+08,-7
8.6461e+08,-6
8.6476e+08,-5
8.6482e+08,-4
8.6491e+08,-3
8.6497e+08,-2
8.6506e+08,-1
8.6512e+08,0
8.6521e+08,1
8.6527e+08,2
8.6536e+08,3
8.6542e+08,4
8.6551e+08,5
8.6557e+08,6
8.6572e+08,7
8.6587e+08,8
8.6663e+08,7
8.6678e+08,6
8.6693e+08,5
8.6699e+08,4
8.6708e+08,3
8.6714e+08,2
8.6723e+08,1
8.6729e+08,0
8.6738e+08,-1
8.6744e+08,-2
8.6753e+08,-3
8.6759e+08,-4
8.6768e+08,-5
8.6774e+08,-6
8.6789e+08,-7
8.6804e+08,-8
8.688e+08,-7
8.6895e+08,-6
8.691e+08,-5
8.6916e+08,-4
8.6925e+08,-3
8.6931e+08,-2
8.694e+08,-1
8.6946e+08,0
8.6955e+08,1
8.6961e+08,2
8.697e+08,3
8.6976e+08,4
8.6985e+08,5
8.6991e+08,6
8.7006e+08,7
8.7021e+08,8
8.7097e+08,7
8.7112e+08,6
8.7127e+08,5
8.7133e+08,4
8.7142e+08,3
8.7149e+08,2
8.7157e+08,1
8.7164e+08,0
8.7172e+08,-1
8.7179e+08,-2
8.7187e+08,-3
8.7194e+08,-4
8.7202e+08,-5
8.7209e+08,-6
8.7224e+08,-7
8.7239e+08,-8
8.7314e+08,-7
8.733e+08,-6
8.7345e+08,-5
8.7351e+08,-4
8.736e+08,-3
8.7366e+08,-2
8.7375e+08,-1
8.7381e+08,0
8.739e+08,1
8.7396e+08,2
8.7405e+08,3
8.7411e+08,4
8.742e+08,5
8.7426e+08,6
8.7441e+08,7
8.7456e+08,8
8.7532e+08,7
8.7547e+08,6
8.7562e+08,5
8.7568e+08,4
8.7577e+08,3
8.7583e+08,2
8.7592e+08,1
8.7598e+08,0
8.7607e+08,-1
8.7613e+08,-2
8.7622e+08,-3
8.7628e+08,-4
8.7637e+08,-5
8.7643e+08,-6
8.7658e+08,-7
8.7673e+08,-8
8.7749e+08,-7
8.7764e+08,-6
8.7779e+08,-5
8.7785e+08,-4
8.7794e+08,-3
8.78e+08,-2
8.7809e+08,-1
8.7815e+08,0
8.7824e+08,1
8.783e+08,2
8.7839e+08,3
8.7845e+08,4
8.7854e+08,5
8.786e+08,6
8.7875e+08,7
8.789e+08,8
8.7966e+08,7
8.7981e+08,6
8.7996e+08,5
8.8002e+08,4
8.8011e+08,3
8.8017e+08,2
8.8026e+08,1
8.8032e+08,0
8.8041e+08,-1
8.8047e+08,-2
8.8056e+08,-3
8.8062e+08,-4
8.8071e+08,-5
8.8077e+08,-6
8.8092e+08,-7
8.8107e+08,-8
8.8183e+08,-7
8.8198e+08,-6
8.8213e+08,-5
8.8219e+08,-4
8.8228e+08,-3
8.8235e+08,-2
8.8243e+08,-1
8.825e+08,0
8.8258e+08,1
8.8265e+08,2
8.8273e+08,3
8.828e+08,4
8.8288e+08,5
8.8295e+08,6
8.831e+08,7
8.8325e+08,8
8.84e+08,7
8.8416e+08,6
8.8431e+08,5
8.8437e+08,4
8.8446e+08,3
8.8452e+08,2
8.8461e+08,1
8.8467e+08,0
8.8476e+08,-1
8.8482e+08,-2
8.8491e+08,-3
8.8497e+08,-4
8.8506e+08,-5
8.8512e+08,-6
8.8527e+08,-7
8.8542e+08,-8
8.8618e+08,-7
8.8633e+08,-6
8.8648e+08,-5
8.8654e+08,-4
8.8663e+08,-3
8.8669e+08,-2
8.8678e+08,-1
8.8684e+08,0
8.8693e+08,1
8.8699e+08,2
8.8708e+08,3
8.8714e+08,4
8.8723e+08,5
8.8729e+08,6
8.8744e+08,7
8.8759e+08,8
8.8835e+08,7
8.885e+08,6
8.8865e+08,5
8.8871e+08,4
8.888e+08,3
8.8886e+08,2
8.8895e+08,1
8.8901e+08,0
8.891e+08,-1
8.8916e+08,-2
8.8925e+08,-3
8.8931e+08,-4
8.894e+08,-5
8.8946e+08,-6
8.8961e+08,-7
8.8976e+08,-8
8.9052e+08,-7
8.9067e+08,-6
8.9082e+08,-5
8.9088e+08,-4
8.9097e+08,-3
8.9103e+08,-2
8.9112e+08,-1
8.9118e+08,0
8.9127e+08,1
8.9133e+08,2
8.9142e+08,3
8.9148e+08,4
8.9157e+08,5
8.9163e+08,6
8.9178e+08,7
8.9193e+08,8
8.9269e+08,7
8.9284e+08,6
8.9299e+08,5
8.9305e+08,4
8.9314e+08,3
8.9321e+08,2
8.9329e+08,1
8.9336e+08,0
8.9344e+08,-1
8.9351e+08,-2
8.9359e+08,-3
8.9366e+08,-4
8.9374e+08,-5
8.9381e+08,-6
8.9396e+08,-7
8.9411e+08,-8
8.9486e+08,-7
8.9502e+08,-6
8.9517e+08,-5
8.9523e+08,-4
8.9532e+08,-3
8.9538e+08,-2
8.9547e+08,-1
8.9553e+08,0
8.9562e+08,1
8.9568e+08,2
8.9577e+08,3
8.9583e+08,4
8.9592e+08,5
8.9598e+08,6
8.9613e+08,7
8.9628e+08,8
8.9704e+08,7
8.9719e+08,6
8.9734e+08,5
8.974e+08,4
8.9749e+08,3
8.9755e+08,2
8.9764e+08,1
8.977e+08,0
8.9779e+08,-1
8.9785e+08,-2
8.9794e+08,-3
8.98e+08,-4
8.9809e+08,-5
8.9815e+08,-6
8.983e+08,-7
8.9845e+08,-8
8.9921e+08,-7
8.9936e+08,-6
8.9951e+08,-5
8.9957e+08,-4
8.9966e+08,-3
8.9972e+08,-2
8.9981e+08,-1
8.9987e+08,0
8.9996e+08,1
9.0002e+08,2
9.0011e+08,3
9.0017e+08,4
9.0026e+08,5
9.0032e+08,6
9.0047e+08,7
9.0062e+08,8
9.0138e+08,7
9.0153e+08,6
9.0168e+08,5
9.0174e+08,4
9.0183e+08,3
9.0189e+08,2
9.0198e+08,1
9.0204e+08,0
9.0213e+08,-1
9.0219e+08,-2
9.0228e+08,-3
9.0234e+08,-4
9.0243e+08,-5
9.0249e+08,-6
9.0264e+08,-7
9.0279e+08,-8
9.0355e+08,-7
9.037e+08,-6
9.0385e+08,-5
9.0391e+08,-4
9.04e+08,-3
9.0407e+08,-2
9.0415e+08,-1
9.0422e+08,0
9.043e+08,1
9.0437e+08,2
9.0445e+08,3
9.0452e+08,4
9.046e+08,5
9.0467e+08,6
9.0482e+08,7
9.0497e+08,8
9.0572e+08,7
9.0588e+08,6
9.0603e+08,5
9.0609e+08,4
9.0618e+08,3
9.0624e+08,2
9.0633e+08,1
9.0639e+08,0
9.0648e+08,-1
9.0654e+08,-2
9.0663e+08,-3
9.0669e+08,-4
9.0678e+08,-5
9.0684e+08,-6
9.0699e+08,-7
9.0714e+08,-8
9.079e+08,-7
9.0805e+08,-6
9.082e+08,-5
9.0826e+08,-4
9.0835e+08,-3
9.0841e+08,-2
9.085e+08,-1
9.0856e+08,0
9.0865e+08,1
9.0871e+08,2
9.088e+08,3
9.0886e+08,4
9.0895e+08,5
9.0901e+08,6
9.0916e+08,7
9.0931e+08,8
9.1007e+08,7
9.1022e+08,6
9.1037e+08,5
9.1043e+08,4
9.1052e+08,3
9.1058e+08,2
9.1067e+08,1
9.1073e+08,0
9.1082e+08,-1
9.1088e+08,-2
9.1097e+08,-3
9.1103e+08,-4
9.1112e+08,-5
9.1118e+08,-6
9.1133e+08,-7
9.1148e+08,-8
9.1224e+08,-7
9.1239e+08,-6
9.1254e+08,-5
9.126e+08,-4
9.1269e+08,-3
9.1275e+08,-2
9.1284e+08,-1
9.129e+08,0
9.1299e+08,1
9.1305e+08,2
9.1314e+08,3
9.132e+08,4
9.1329e+08,5
9.1335e+08,6
9.135e+08,7
9.1365e+08,8
9.1441e+08,7
9.1456e+08,6
9.1471e+08,5
9.1477e+08,4
9.1486e+08,3
9.1493e+08,2
9.1501e+08,1
9.1508e+08,0
9.1516e+08,-1
9.1523e+08,-2
9.1531e+08,-3
9.1538e+08,-4
9.1546e+08,-5
9.1553e+08,-6
9.1568e+08,-7
9.1583e+08,-8
9.1658e+08,-7
9.1674e+08,-6
9.1689e+08,-5
9.1695e+08,-4
9.1704e+08,-3
9.171e+08,-2
9.1719e+08,-1
9.1725e+08,0
9.1734e+08,1
9.174e+08,2
9.1749e+08,3
9.1755e+08,4
9.1764e+08,5
9.177e+08,6
9.1785e+08,7
9.18e+08,8
9.1876e+08,7
9.1891e+08,6
9.1906e+08,5
9.1912e+08,4
9.1921e+08,3
9.1927e+08,2
9.1936e+08,1
9.1942e+08,0
9.1951e+08,-1
9.1957e+08,-2
9.1966e+08,-3
9.1972e+08,-4
9.1981e+08,-5
9.1987e+08,-6
9.2002e+08,-7
9.2017e+08,-8
9.2093e+08,-7
9.2108e+08,-6
9.2123e+08,-5
9.2129e+08,-4
9.2138e+08,-3
9.2144e+08,-2
9.2153e+08,-1
9.2159e+08,0
9.2168e+08,1
9.2174e+08,2
9.2183e+08,3
9.2189e+08,4
9.2198e+08,5
9.2204e+08,6
9.2219e+08,7
9.2234e+08,8
9.231e+08,7
9.2325e+08,6
9.234e+08,5
9.2346e+08,4
9.2355e+08,3
9.2361e+08,2
9.237e+08,1
9.2376e+08,0
9.2385e+08,-1
9.2391e+08,-2
9.24e+08,-3
9.2406e+08,-4
9.2415e+08,-5
9.2421e+08,-6
9.2436e+08,-7
9.2451e+08,-8
9.2527e+08,-7
9.2542e+08,-6
9.2557e+08,-5
9.2563e+08,-4
9.2572e+08,-3
9.2579e+08,-2
9.2587e+08,-1
9.2594e+08,0
9.2602e+08,1
9.2609e+08,2
9.2617e+08,3
9.2624e+08,4
9.2632e+08,5
9.2639e+08,6
9.2654e+08,7
9.2669e+08,8
9.2744e+08,7
9.276e+08,6
9.2775e+08,5
9.2781e+08,4
9.279e+08,3
9.2796e+08,2
9.2805e+08,1
9.2811e+08,0
9.282e+08,-1
9.2826e+08,-2
9.2835e+08,-3
9.2841e+08,-4
9.285e+08,-5
9.2856e+08,-6
9.2871e+08,-7
9.2886e+08,-8
9.2962e+08,-7
9.2977e+08,-6
9.2992e+08,-5
9.2998e+08,-4
9.3007e+08,-3
9.3013e+08,-2
9.3022e+08,-1
9.3028e+08,0
9.3037e+08,1
9.3043e+08,2
9.3052e+08,3
9.3058e+08,4
9.3067e+08,5
9.3073e+08,6
9.3088e+08,7
9.3103e+08,8
9.3179e+08,7
9.3194e+08,6
9.3209e+08,5
9.3215e+08,4
9.3224e+08,3
9.323e+08,2
9.3239e+08,1
9.3245e+08,0
9.3254e+08,-1
9.326e+08,-2
9.3269e+08,-3
9.3275e+08,-4
9.3284e+08,-5
9.329e+08,-6
9.3305e+08,-7
9.332e+08,-8
9.3396e+08,-7
9.3411e+08,-6
9.3426e+08,-5
9.3432e+08,-4
9.3441e+08,-3
9.3447e+08,-2
9.3456e+08,-1
9.3462e+08,0
9.3471e+08,1
9.3477e+08,2
9.3486e+08,3
9.3492e+08,4
9.3501e+08,5
9.3507e+08,6
9.3522e+08,7
9.3537e+08,8
9.3613e+08,7
9.3628e+08,6
9.3643e+08,5
9.3649e+08,4
9.3658e+08,3
9.3665e+08,2
9.3673e+08,1
9.368e+08,0
9.3688e+08,-1
9.3695e+08,-2
9.3703e+08,-3
9.371e+08,-4
9.3718e+08,-5
9.3725e+08,-6
9.374e+08,-7
9.3755e+08,-8
9.383e+08,-7
9.3846e+08,-6
9.3861e+08,-5
9.3867e+08,-4
9.3876e+08,-3
9.3882e+08,-2
9.3891e+08,-1
9.3897e+08,0
9.3906e+08,1
9.3912e+08,2
9.3921e+08,3
9.3927e+08,4
9.3936e+08,5
9.3942e+08,6
9.3957e+08,7
9.3972e+08,8
9.4048e+08,7
9.4063e+08,6
9.4078e+08,5
9.4084e+08,4
9.4093e+08,3
9.4099e+08,2
9.4108e+08,1
9.4114e+08,0
9.4123e+08,-1
9.4129e+08,-2
9.4138e+08,-3
9.4144e+08,-4
9.4153e+08,-5
9.4159e+08,-6
9.4174e+08,-7
9.4189e+08,-8
9.4265e+08,-7
9.428e+08,-6
9.4295e+08,-5
9.4301e+08,-4
9.431e+08,-3
9.4316e+08,-2
9.4325e+08,-1
9.4331e+08,0
9.434e+08,1
9.4346e+08,2
9.4355e+08,3
9.4361e+08,4
9.437e+08,5
9.4376e+08,6
9.4391e+08,7
9.4406e+08,8
9.4482e+08,7
9.4497e+08,6
9.4512e+08,5
9.4518e+08,4
9.4527e+08,3
9.4533e+08,2
9.4542e+08,1
9.4548e+08,0
9.4557e+08,-1
9.4563e+08,-2
9.4572e+08,-3
9.4578e+08,-4
9.4587e+08,-5
9.4593e+08,-6
9.4608e+08,-7
9.4623e+08,-8
9.4699e+08,-7
9.4714e+08,-6
9.4729e+08,-5
9.4735e+08,-4
9.4744e+08,-3
9.4751e+08,-2
9.4759e+08,-1
9.4766e+08,0
9.4774e+08,1
9.4781e+08,2
9.4789e+08,3
9.4796e+08,4
9.4804e+08,5
9.4811e+08,6
9.4826e+08,7
9.4841e+08,8
9.4916e+08,7
9.4932e+08,6
9.4947e+08,5
9.4953e+08,4
9.4962e+08,3
9.4968e+08,2
9.4977e+08,1
9.4983e+08,0
9.4992e+08,-1
9.4998e+08,-2
9.5007e+08,-3
9.5013e+08,-4
9.5022e+08,-5
9.5028e+08,-6
9.5043e+08,-7
9.5058e+08,-8
9.5134e+08,-7
9.5149e+08,-6
9.5164e+08,-5
9.517e+08,-4
9.5179e+08,-3
9.5185e+08,-2
9.5194e+08,-1
9.52e+08,0
9.5209e+08,1
9.5215e+08,2
9.5224e+08,3
9.523e+08,4
9.5239e+08,5
9.5245e+08,6
9.526e+08,7
9.5275e+08,8
9.5351e+08,7
9.5366e+08,6
9.5381e+08,5
9.5387e+08,4
9.5396e+08,3
9.5402e+08,2
9.5411e+08,1
9.5417e+08,0
9.5426e+08,-1
9.5432e+08,-2
9.5441e+08,-3
9.5447e+08,-4
9.5456e+08,-5
9.5462e+08,-6
9.5477e+08,-7
9.5492e+08,-8
9.5568e+08,-7
9.5583e+08,-6
9.5598e+08,-5
9.5604e+08,-4
9.5613e+08,-3
9.5619e+08,-2
9.5628e+08,-1
9.5634e+08,0
9.5643e+08,1
9.5649e+08,2
9.5658e+08,3
9.5664e+08,4
9.5673e+08,5
9.5679e+08,6
9.5694e+08,7
9.5709e+08,8
9.5785e+08,7
9.58e+08,6
9.5815e+08,5
9.5821e+08,4
9.583e+08,3
9.5837e+08,2
9.5845e+08,1
9.5852e+08,0
9.586e+08,-1
9.5867e+08,-2
9.5875e+08,-3
9.5882e+08,-4
9.589e+08,-5
9.5897e+08,-6
9.5912e+08,-7
9.5927e+08,-8
9.6002e+08,-7
9.6018e+08,-6
9.6033e+08,-5
9.6039e+08,-4
9.6048e+08,-3
9.6054e+08,-2
9.6063e+08,-1
9.6069e+08,0
9.6078e+08,1
9.6084e+08,2
9.6093e+08,3
9.6099e+08,4
9.6108e+08,5
9.6114e+08,6
9.6129e+08,7
9.6144e+08,8
9.622e+08,7
9.6235e+08,6
9.625e+08,5
9.6256e+08,4
9.6265e+08,3
9.6271e+08,2
9.628e+08,1
9.6286e+08,0
9.6295e+08,-1
9.6301e+08,-2
9.631e+08,-3
9.6316e+08,-4
9.6325e+08,-5
9.6331e+08,-6
9.6346e+08,-7
9.6361e+08,-8
9.6437e+08,-7
9.6452e+08,-6
9.6467e+08,-5
9.6473e+08,-4
9.6482e+08,-3
9.6488e+08,-2
9.6497e+08,-1
9.6503e+08,0
9.6512e+08,1
9.6518e+08,2
9.6527e+08,3
9.6533e+08,4
9.6542e+08,5
9.6548e+08,6
9.6563e+08,7
9.6578e+08,8
9.6654e+08,7
9.6669e+08,6
9.6684e+08,5
9.669e+08,4
9.6699e+08,3
9.6705e+08,2
9.6714e+08,1
9.672e+08,0
9.6729e+08,-1
9.6735e+08,-2
9.6744e+08,-3
9.675e+08,-4
9.6759e+08,-5
9.6765e+08,-6
9.678e+08,-7
9.6795e+08,-8
9.6871e+08,-7
9.6886e+08,-6
9.6901e+08,-5
9.6907e+08,-4
9.6916e+08,-3
9.6923e+08,-2
9.6931e+08,-1
9.6938e+08,0
9.6946e+08,1
9.6953e+08,2
9.6961e+08,3
9.6968e+08,4
9.6976e+08,5
9.6983e+08,6
9.6998e+08,7
9.7013e+08,8
9.7088e+08,7
9.7104e+08,6
9.7119e+08,5
9.7125e+08,4
9.7134e+08,3
9.714e+08,2
9.7149e+08,1
9.7155e+08,0
9.7164e+08,-1
9.717e+08,-2
9.7179e+08,-3
9.7185e+08,-4
9.7194e+08,-5
9.72e+08,-6
9.7215e+08,-7
9.723e+08,-8
9.7306e+08,-7
9.7321e+08,-6
9.7336e+08,-5
9.7342e+08,-4
9.7351e+08,-3
9.7357e+08,-2
9.7366e+08,-1
9.7372e+08,0
9.7381e+08,1
9.7387e+08,2
9.7396e+08,3
9.7402e+08,4
9.7411e+08,5
9.7417e+08,6
9.7432e+08,7
9.7447e+08,8
9.7523e+08,7
9.7538e+08,6
9.7553e+08,5
9.7559e+08,4
9.7568e+08,3
9.7574e+08,2
9.7583e+08,1
9.7589e+08,0
9.7598e+08,-1
9.7604e+08,-2
9.7613e+08,-3
9.7619e+08,-4
9.7628e+08,-5
9.7634e+08,-6
9.7649e+08,-7
9.7664e+08,-8
9.774e+08,-7
9.7755e+08,-6
9.777e+08,-5
9.7776e+08,-4
9.7785e+08,-3
9.7791e+08,-2
9.78e+08,-1
9.7806e+08,0
9.7815e+08,1
9.7821e+08,2
9.783e+08,3
9.7836e+08,4
9.7845e+08,5
9.7851e+08,6
9.7866e+08,7
9.7881e+08,8
9.7957e+08,7
9.7972e+08,6
9.7987e+08,5
9.7993e+08,4
9.8002e+08,3
9.8009e+08,2
9.8017e+08,1
9.8024e+08,0
9.8032e+08,-1
9.8039e+08,-2
9.8047e+08,-3
9.8054e+08,-4
9.8062e+08,-5
9.8069e+08,-6
9.8084e+08,-7
9.8099e+08,-8
9.8174e+08,-7
9.819e+08,-6
9.8205e+08,-5
9.8211e+08,-4
9.822e+08,-3
9.8226e+08,-2
9.8235e+08,-1
9.8241e+08,0
9.825e+08,1
9.8256e+08,2
9.8265e+08,3
9.8271e+08,4
9.828e+08,5
9.8286e+08,6
9.8301e+08,7
9.8316e+08,8
9.8392e+08,7
9.8407e+08,6
9.8422e+08,5
9.8428e+08,4
9.8437e+08,3
9.8443e+08,2
9.8452e+08,1
9.8458e+08,0
9.8467e+08,-1
9.8473e+08,-2
9.8482e+08,-3
9.8488e+08,-4
9.8497e+08,-5
9.8503e+08,-6
9.8518e+08,-7
9.8533e+08,-8
9.8609e+08,-7
9.8624e+08,-6
9.8639e+08,-5
9.8645e+08,-4
9.8654e+08,-3
9.866e+08,-2
9.8669e+08,-1
9.8675e+08,0
9.8684e+08,1
9.869e+08,2
9.8699e+08,3
9.8705e+08,4
9.8714e+08,5
9.872e+08,6
9.8735e+08,7
9.875e+08,8
9.8826e+08,7
9.8841e+08,6
9.8856e+08,5
9.8862e+08,4
9.8871e+08,3
9.8877e+08,2
9.8886e+08,1
9.8892e+08,0
9.8901e+08,-1
9.8907e+08,-2
9.8916e+08,-3
9.8922e+08,-4
9.8931e+08,-5
9.8937e+08,-6
9.8952e+08,-7
9.8967e+08,-8
9.9043e+08,-7
9.9058e+08,-6
9.9073e+08,-5
9.9079e+08,-4
9.9088e+08,-3
9.9095e+08,-2
9.9103e+08,-1
9.911e+08,0
9.9118e+08,1
9.9125e+08,2
9.9133e+08,3
9.914e+08,4
9.9148e+08,5
9.9155e+08,6
9.917e+08,7
9.9185e+08,8
9.926e+08,7
9.9276e+08,6
9.9291e+08,5
9.9297e+08,4
9.9306e+08,3
9.9312e+08,2
9.9321e+08,1
9.9327e+08,0
9.9336e+08,-1
9.9342e+08,-2
9.9351e+08,-3
9.9357e+08,-4
9.9366e+08,-5
9.9372e+08,-6
9.9387e+08,-7
9.9402e+08,-8
9.9478e+08,-7
9.9493e+08,-6
9.9508e+08,-5
9.9514e+08,-4
9.9523e+08,-3
9.9529e+08,-2
9.9538e+08,-1
9.9544e+08,0
9.9553e+08,1
9.9559e+08,2
9.9568e+08,3
9.9574e+08,4
9.9583e+08,5
9.9589e+08,6
9.9604e+08,7
9.9619e+08,8
9.9695e+08,7
9.971e+08,6
9.9725e+08,5
9.9731e+08,4
9.974e+08,3
9.9746e+08,2
9.9755e+08,1
9.9761e+08,0
9.977e+08,-1
9.9776e+08,-2
9.9785e+08,-3
9.9791e+08,-4
9.98e+08,-5
9.9806e+08,-6
9.9821e+08,-7
9.9836e+08,-8
9.9912e+08,-7
9.9927e+08,-6
9.9942e+08,-5
9.9948e+08,-4
9.9957e+08,-3
9.9963e+08,-2
9.9972e+08,-1
9.9978e+08,0
9.9987e+08,1
9.9993e+08,2
